filter,implementation,resolution,image_id,run_index,h2d_ms,kernel_ms,d2h_ms,total_ms,omp_threads,status
Invert,Sequential,720p,0,0,,,,38.7302,,OK
Invert,OpenMP,720p,0,0,,,,13.1187,12,OK
Invert,CUDA,720p,0,0,0.529184,0.257344,0.946048,1.73965,,OK
Invert,Sequential,720p,0,1,,,,66.0333,,OK
Invert,OpenMP,720p,0,1,,,,10.5267,12,OK
Invert,CUDA,720p,0,1,0.518368,0.257216,0.495168,1.27731,,OK
Invert,Sequential,720p,0,2,,,,66.967,,OK
Invert,OpenMP,720p,0,2,,,,10.7573,12,OK
Invert,CUDA,720p,0,2,0.517472,0.27888,0.524,1.32861,,OK
Invert,Sequential,720p,0,3,,,,67.0004,,OK
Invert,OpenMP,720p,0,3,,,,12.5101,12,OK
Invert,CUDA,720p,0,3,0.591104,0.260992,0.51328,1.37216,,OK
Invert,Sequential,720p,0,4,,,,66.769,,OK
Invert,OpenMP,720p,0,4,,,,15.173,12,OK
Invert,CUDA,720p,0,4,0.562336,0.301152,0.812928,1.68346,,OK
Gauss,Sequential,720p,0,0,,,,1147.98,,OK
Gauss,OpenMP,720p,0,0,,,,189.828,12,OK
Gauss,CUDA,720p,0,0,0.6688,0.456704,0.591392,1.72502,,OK
Gauss,Sequential,720p,0,1,,,,1147.08,,OK
Gauss,OpenMP,720p,0,1,,,,192.392,12,OK
Gauss,CUDA,720p,0,1,0.559072,0.417152,0.503392,1.48714,,OK
Gauss,Sequential,720p,0,2,,,,1145.99,,OK
Gauss,OpenMP,720p,0,2,,,,190.803,12,OK
Gauss,CUDA,720p,0,2,0.654144,0.454112,1.08589,2.20224,,OK
Gauss,Sequential,720p,0,3,,,,1146.67,,OK
Gauss,OpenMP,720p,0,3,,,,190.228,12,OK
Gauss,CUDA,720p,0,3,0.73248,0.448288,0.695744,1.88458,,OK
Gauss,Sequential,720p,0,4,,,,1152.52,,OK
Gauss,OpenMP,720p,0,4,,,,190.833,12,OK
Gauss,CUDA,720p,0,4,0.649248,0.440896,1.27491,2.37203,,OK
Sobel,Sequential,720p,0,0,,,,251.899,,OK
Sobel,OpenMP,720p,0,0,,,,39.1094,12,OK
Sobel,CUDA,720p,0,0,0.27424,0.216512,0.315456,0.813376,,OK
Sobel,Sequential,720p,0,1,,,,249.386,,OK
Sobel,OpenMP,720p,0,1,,,,38.421,12,OK
Sobel,CUDA,720p,0,1,0.255616,0.202528,0.239328,0.705248,,OK
Sobel,Sequential,720p,0,2,,,,254.975,,OK
Sobel,OpenMP,720p,0,2,,,,38.0046,12,OK
Sobel,CUDA,720p,0,2,0.261792,0.19696,0.266112,0.732608,,OK
Sobel,Sequential,720p,0,3,,,,252.604,,OK
Sobel,OpenMP,720p,0,3,,,,40.4238,12,OK
Sobel,CUDA,720p,0,3,0.281216,0.197472,0.26944,0.75584,,OK
Sobel,Sequential,720p,0,4,,,,250.544,,OK
Sobel,OpenMP,720p,0,4,,,,38.1553,12,OK
Sobel,CUDA,720p,0,4,0.298816,0.212096,0.363168,0.883264,,OK
Unsharp,Sequential,720p,0,0,,,,1299.07,,OK
Unsharp,OpenMP,720p,0,0,,,,219.628,12,OK
Unsharp,CUDA,720p,0,0,0.633472,0.507328,0.5264,1.67603,,OK
Unsharp,Sequential,720p,0,1,,,,1302.9,,OK
Unsharp,OpenMP,720p,0,1,,,,222.949,12,OK
Unsharp,CUDA,720p,0,1,0.616352,0.506656,0.532896,1.66397,,OK
Unsharp,Sequential,720p,0,2,,,,1304.61,,OK
Unsharp,OpenMP,720p,0,2,,,,217.252,12,OK
Unsharp,CUDA,720p,0,2,0.675616,0.508704,0.533728,1.72646,,OK
Unsharp,Sequential,720p,0,3,,,,1304.31,,OK
Unsharp,OpenMP,720p,0,3,,,,225.094,12,OK
Unsharp,CUDA,720p,0,3,0.58528,0.55792,0.864576,2.01603,,OK
Unsharp,Sequential,720p,0,4,,,,1303.08,,OK
Unsharp,OpenMP,720p,0,4,,,,219.526,12,OK
Unsharp,CUDA,720p,0,4,0.560864,0.549536,0.533568,1.65213,,OK
HistEqual,Sequential,720p,0,0,,,,56.4335,,OK
HistEqual,OpenMP,720p,0,0,,,,12.6593,12,OK
HistEqual,CUDA,720p,0,0,0.303328,0.661088,0.374784,1.3512,,OK
HistEqual,Sequential,720p,0,1,,,,57.1537,,OK
HistEqual,OpenMP,720p,0,1,,,,10.3533,12,OK
HistEqual,CUDA,720p,0,1,0.3352,0.29392,0.228352,0.86464,,OK
HistEqual,Sequential,720p,0,2,,,,57.2202,,OK
HistEqual,OpenMP,720p,0,2,,,,11.6351,12,OK
HistEqual,CUDA,720p,0,2,0.244352,0.258016,0.237984,0.747296,,OK
HistEqual,Sequential,720p,0,3,,,,57.5261,,OK
HistEqual,OpenMP,720p,0,3,,,,10.3823,12,OK
HistEqual,CUDA,720p,0,3,0.251072,0.30064,0.250304,0.808768,,OK
HistEqual,Sequential,720p,0,4,,,,57.4032,,OK
HistEqual,OpenMP,720p,0,4,,,,12.5678,12,OK
HistEqual,CUDA,720p,0,4,0.253216,0.306272,0.292608,0.859584,,OK
Invert,Sequential,720p,1,0,,,,67.3633,,OK
Invert,OpenMP,720p,1,0,,,,10.1567,12,OK
Invert,CUDA,720p,1,0,0.6912,0.291392,0.554592,1.54525,,OK
Invert,Sequential,720p,1,1,,,,67.2001,,OK
Invert,OpenMP,720p,1,1,,,,10.5473,12,OK
Invert,CUDA,720p,1,1,0.768544,0.27152,0.560544,1.60832,,OK
Invert,Sequential,720p,1,2,,,,67.8107,,OK
Invert,OpenMP,720p,1,2,,,,10.3005,12,OK
Invert,CUDA,720p,1,2,0.514432,0.265408,0.531264,1.31968,,OK
Invert,Sequential,720p,1,3,,,,67.1238,,OK
Invert,OpenMP,720p,1,3,,,,10.5929,12,OK
Invert,CUDA,720p,1,3,0.545952,0.257952,0.52464,1.33549,,OK
Invert,Sequential,720p,1,4,,,,67.4576,,OK
Invert,OpenMP,720p,1,4,,,,10.2148,12,OK
Invert,CUDA,720p,1,4,0.545664,0.27008,1.0999,1.92371,,OK
Gauss,Sequential,720p,1,0,,,,1154.2,,OK
Gauss,OpenMP,720p,1,0,,,,188.026,12,OK
Gauss,CUDA,720p,1,0,1.0921,0.476896,0.652608,2.22979,,OK
Gauss,Sequential,720p,1,1,,,,1164.33,,OK
Gauss,OpenMP,720p,1,1,,,,191.903,12,OK
Gauss,CUDA,720p,1,1,0.670816,0.441856,0.604448,1.7249,,OK
Gauss,Sequential,720p,1,2,,,,1155.15,,OK
Gauss,OpenMP,720p,1,2,,,,187.744,12,OK
Gauss,CUDA,720p,1,2,0.648,0.482048,0.926016,2.06458,,OK
Gauss,Sequential,720p,1,3,,,,1147.2,,OK
Gauss,OpenMP,720p,1,3,,,,191.525,12,OK
Gauss,CUDA,720p,1,3,0.568256,0.4192,0.696288,1.69142,,OK
Gauss,Sequential,720p,1,4,,,,1141.05,,OK
Gauss,OpenMP,720p,1,4,,,,190.603,12,OK
Gauss,CUDA,720p,1,4,0.788064,0.500544,0.656608,1.95322,,OK
Sobel,Sequential,720p,1,0,,,,251.412,,OK
Sobel,OpenMP,720p,1,0,,,,38.2948,12,OK
Sobel,CUDA,720p,1,0,0.265728,0.1944,0.245632,0.713824,,OK
Sobel,Sequential,720p,1,1,,,,253.602,,OK
Sobel,OpenMP,720p,1,1,,,,38.6349,12,OK
Sobel,CUDA,720p,1,1,0.259392,0.195456,0.24768,0.710144,,OK
Sobel,Sequential,720p,1,2,,,,252.816,,OK
Sobel,OpenMP,720p,1,2,,,,38.6214,12,OK
Sobel,CUDA,720p,1,2,0.263264,0.204704,0.23232,0.707808,,OK
Sobel,Sequential,720p,1,3,,,,249.518,,OK
Sobel,OpenMP,720p,1,3,,,,39.0483,12,OK
Sobel,CUDA,720p,1,3,0.27824,0.195488,0.247488,0.729248,,OK
Sobel,Sequential,720p,1,4,,,,255.037,,OK
Sobel,OpenMP,720p,1,4,,,,38.3952,12,OK
Sobel,CUDA,720p,1,4,0.265408,0.19776,0.257952,0.729408,,OK
Unsharp,Sequential,720p,1,0,,,,1296.61,,OK
Unsharp,OpenMP,720p,1,0,,,,219.985,12,OK
Unsharp,CUDA,720p,1,0,0.667456,0.524928,0.553568,1.75382,,OK
Unsharp,Sequential,720p,1,1,,,,1299.7,,OK
Unsharp,OpenMP,720p,1,1,,,,215.34,12,OK
Unsharp,CUDA,720p,1,1,0.663936,0.511232,0.532608,1.71613,,OK
Unsharp,Sequential,720p,1,2,,,,1296.29,,OK
Unsharp,OpenMP,720p,1,2,,,,218.466,12,OK
Unsharp,CUDA,720p,1,2,0.565216,0.551296,0.557088,1.68205,,OK
Unsharp,Sequential,720p,1,3,,,,1290.94,,OK
Unsharp,OpenMP,720p,1,3,,,,217.867,12,OK
Unsharp,CUDA,720p,1,3,0.741472,0.514816,0.575584,1.8399,,OK
Unsharp,Sequential,720p,1,4,,,,1298.03,,OK
Unsharp,OpenMP,720p,1,4,,,,219.794,12,OK
Unsharp,CUDA,720p,1,4,0.611872,0.507328,0.50816,1.63523,,OK
HistEqual,Sequential,720p,1,0,,,,56.3609,,OK
HistEqual,OpenMP,720p,1,0,,,,13.7534,12,OK
HistEqual,CUDA,720p,1,0,0.266816,0.280704,0.271008,0.825696,,OK
HistEqual,Sequential,720p,1,1,,,,56.7309,,OK
HistEqual,OpenMP,720p,1,1,,,,11.3729,12,OK
HistEqual,CUDA,720p,1,1,0.264864,0.292608,0.252544,0.817248,,OK
HistEqual,Sequential,720p,1,2,,,,57.8264,,OK
HistEqual,OpenMP,720p,1,2,,,,10.5843,12,OK
HistEqual,CUDA,720p,1,2,0.255904,0.315904,0.251136,0.830208,,OK
HistEqual,Sequential,720p,1,3,,,,57.1544,,OK
HistEqual,OpenMP,720p,1,3,,,,10.4869,12,OK
HistEqual,CUDA,720p,1,3,0.253024,0.277952,0.248928,0.787168,,OK
HistEqual,Sequential,720p,1,4,,,,57.5404,,OK
HistEqual,OpenMP,720p,1,4,,,,15.877,12,OK
HistEqual,CUDA,720p,1,4,0.25904,0.266816,0.241504,0.774592,,OK
Invert,Sequential,720p,2,0,,,,67.6765,,OK
Invert,OpenMP,720p,2,0,,,,10.1229,12,OK
Invert,CUDA,720p,2,0,0.51264,0.350912,0.945312,1.82035,,OK
Invert,Sequential,720p,2,1,,,,66.9251,,OK
Invert,OpenMP,720p,2,1,,,,10.4928,12,OK
Invert,CUDA,720p,2,1,0.52016,0.26576,0.5496,1.34211,,OK
Invert,Sequential,720p,2,2,,,,67.7322,,OK
Invert,OpenMP,720p,2,2,,,,10.2901,12,OK
Invert,CUDA,720p,2,2,0.754592,0.31168,0.723104,1.80179,,OK
Invert,Sequential,720p,2,3,,,,67.0955,,OK
Invert,OpenMP,720p,2,3,,,,10.2072,12,OK
Invert,CUDA,720p,2,3,0.52816,0.256544,0.509568,1.30208,,OK
Invert,Sequential,720p,2,4,,,,67.5348,,OK
Invert,OpenMP,720p,2,4,,,,10.8501,12,OK
Invert,CUDA,720p,2,4,0.610624,0.261056,0.492736,1.37213,,OK
Gauss,Sequential,720p,2,0,,,,1149.03,,OK
Gauss,OpenMP,720p,2,0,,,,193.147,12,OK
Gauss,CUDA,720p,2,0,0.570048,0.422752,0.520736,1.5217,,OK
Gauss,Sequential,720p,2,1,,,,1149.75,,OK
Gauss,OpenMP,720p,2,1,,,,187.203,12,OK
Gauss,CUDA,720p,2,1,0.705344,0.465088,0.723584,1.90176,,OK
Gauss,Sequential,720p,2,2,,,,1145.08,,OK
Gauss,OpenMP,720p,2,2,,,,188.954,12,OK
Gauss,CUDA,720p,2,2,0.7472,0.443712,0.675104,1.87392,,OK
Gauss,Sequential,720p,2,3,,,,1144.99,,OK
Gauss,OpenMP,720p,2,3,,,,188.935,12,OK
Gauss,CUDA,720p,2,3,0.638496,0.451712,0.60144,1.69946,,OK
Gauss,Sequential,720p,2,4,,,,1145.92,,OK
Gauss,OpenMP,720p,2,4,,,,189.556,12,OK
Gauss,CUDA,720p,2,4,0.63232,0.432576,0.71072,1.78352,,OK
Sobel,Sequential,720p,2,0,,,,251.092,,OK
Sobel,OpenMP,720p,2,0,,,,38.1497,12,OK
Sobel,CUDA,720p,2,0,0.43728,0.202304,0.275808,0.922752,,OK
Sobel,Sequential,720p,2,1,,,,253.419,,OK
Sobel,OpenMP,720p,2,1,,,,38.1129,12,OK
Sobel,CUDA,720p,2,1,0.317888,0.282208,0.517568,1.132,,OK
Sobel,Sequential,720p,2,2,,,,254.178,,OK
Sobel,OpenMP,720p,2,2,,,,37.9634,12,OK
Sobel,CUDA,720p,2,2,0.319296,0.399584,0.395808,1.12867,,OK
Sobel,Sequential,720p,2,3,,,,250.21,,OK
Sobel,OpenMP,720p,2,3,,,,37.7269,12,OK
Sobel,CUDA,720p,2,3,0.274496,0.208704,0.23664,0.728032,,OK
Sobel,Sequential,720p,2,4,,,,253.404,,OK
Sobel,OpenMP,720p,2,4,,,,38.4458,12,OK
Sobel,CUDA,720p,2,4,0.244992,0.193792,0.26576,0.712096,,OK
Unsharp,Sequential,720p,2,0,,,,1297.17,,OK
Unsharp,OpenMP,720p,2,0,,,,213.624,12,OK
Unsharp,CUDA,720p,2,0,0.56736,0.53392,0.532448,1.64189,,OK
Unsharp,Sequential,720p,2,1,,,,1296.97,,OK
Unsharp,OpenMP,720p,2,1,,,,220.329,12,OK
Unsharp,CUDA,720p,2,1,0.593632,0.499424,0.596512,1.69782,,OK
Unsharp,Sequential,720p,2,2,,,,1299.09,,OK
Unsharp,OpenMP,720p,2,2,,,,215.535,12,OK
Unsharp,CUDA,720p,2,2,0.640384,0.507232,0.52432,1.67994,,OK
Unsharp,Sequential,720p,2,3,,,,1295.65,,OK
Unsharp,OpenMP,720p,2,3,,,,218.184,12,OK
Unsharp,CUDA,720p,2,3,0.63888,0.514272,0.562336,1.72346,,OK
Unsharp,Sequential,720p,2,4,,,,1293.1,,OK
Unsharp,OpenMP,720p,2,4,,,,222.241,12,OK
Unsharp,CUDA,720p,2,4,0.57056,0.504992,0.522144,1.6047,,OK
HistEqual,Sequential,720p,2,0,,,,56.672,,OK
HistEqual,OpenMP,720p,2,0,,,,10.8262,12,OK
HistEqual,CUDA,720p,2,0,0.25248,0.255232,0.239456,0.753888,,OK
HistEqual,Sequential,720p,2,1,,,,56.9591,,OK
HistEqual,OpenMP,720p,2,1,,,,10.4035,12,OK
HistEqual,CUDA,720p,2,1,0.262272,0.292224,0.22896,0.79056,,OK
HistEqual,Sequential,720p,2,2,,,,56.8514,,OK
HistEqual,OpenMP,720p,2,2,,,,11.3733,12,OK
HistEqual,CUDA,720p,2,2,0.256,0.294432,0.236384,0.7928,,OK
HistEqual,Sequential,720p,2,3,,,,58.1835,,OK
HistEqual,OpenMP,720p,2,3,,,,10.4907,12,OK
HistEqual,CUDA,720p,2,3,0.260352,0.308352,0.243328,0.819136,,OK
HistEqual,Sequential,720p,2,4,,,,56.5609,,OK
HistEqual,OpenMP,720p,2,4,,,,14.1284,12,OK
HistEqual,CUDA,720p,2,4,0.26624,0.282304,0.34336,0.89888,,OK
Invert,Sequential,720p,3,0,,,,66.9335,,OK
Invert,OpenMP,720p,3,0,,,,10.2222,12,OK
Invert,CUDA,720p,3,0,0.529888,0.264224,0.51264,1.31325,,OK
Invert,Sequential,720p,3,1,,,,66.9987,,OK
Invert,OpenMP,720p,3,1,,,,10.2497,12,OK
Invert,CUDA,720p,3,1,0.532832,0.26256,0.548736,1.35216,,OK
Invert,Sequential,720p,3,2,,,,67.8409,,OK
Invert,OpenMP,720p,3,2,,,,10.4379,12,OK
Invert,CUDA,720p,3,2,0.506112,0.246944,0.485664,1.24528,,OK
Invert,Sequential,720p,3,3,,,,67.2764,,OK
Invert,OpenMP,720p,3,3,,,,10.2174,12,OK
Invert,CUDA,720p,3,3,0.665664,0.393568,0.540704,1.60941,,OK
Invert,Sequential,720p,3,4,,,,67.6953,,OK
Invert,OpenMP,720p,3,4,,,,10.9675,12,OK
Invert,CUDA,720p,3,4,0.531808,0.266112,0.504736,1.31078,,OK
Gauss,Sequential,720p,3,0,,,,1144.84,,OK
Gauss,OpenMP,720p,3,0,,,,186.181,12,OK
Gauss,CUDA,720p,3,0,0.703232,0.456544,0.654624,1.8216,,OK
Gauss,Sequential,720p,3,1,,,,1143.62,,OK
Gauss,OpenMP,720p,3,1,,,,188.453,12,OK
Gauss,CUDA,720p,3,1,0.74608,0.442432,0.79472,1.99139,,OK
Gauss,Sequential,720p,3,2,,,,1153.45,,OK
Gauss,OpenMP,720p,3,2,,,,187.239,12,OK
Gauss,CUDA,720p,3,2,0.723808,0.436448,0.6504,1.82019,,OK
Gauss,Sequential,720p,3,3,,,,1137.43,,OK
Gauss,OpenMP,720p,3,3,,,,190.312,12,OK
Gauss,CUDA,720p,3,3,0.640736,0.421248,0.544128,1.61386,,OK
Gauss,Sequential,720p,3,4,,,,1144.49,,OK
Gauss,OpenMP,720p,3,4,,,,191.639,12,OK
Gauss,CUDA,720p,3,4,0.561184,0.42032,0.519328,1.50749,,OK
Sobel,Sequential,720p,3,0,,,,251.448,,OK
Sobel,OpenMP,720p,3,0,,,,37.6707,12,OK
Sobel,CUDA,720p,3,0,0.305632,0.279712,0.261536,0.855072,,OK
Sobel,Sequential,720p,3,1,,,,255.605,,OK
Sobel,OpenMP,720p,3,1,,,,39.4095,12,OK
Sobel,CUDA,720p,3,1,0.252,0.194112,0.244608,0.698816,,OK
Sobel,Sequential,720p,3,2,,,,251.221,,OK
Sobel,OpenMP,720p,3,2,,,,38.0869,12,OK
Sobel,CUDA,720p,3,2,0.302944,0.222656,0.32176,0.855232,,OK
Sobel,Sequential,720p,3,3,,,,249.649,,OK
Sobel,OpenMP,720p,3,3,,,,38.1245,12,OK
Sobel,CUDA,720p,3,3,0.258176,0.199392,0.226208,0.6904,,OK
Sobel,Sequential,720p,3,4,,,,257.457,,OK
Sobel,OpenMP,720p,3,4,,,,37.379,12,OK
Sobel,CUDA,720p,3,4,0.261632,0.195072,0.249696,0.714496,,OK
Unsharp,Sequential,720p,3,0,,,,1296.86,,OK
Unsharp,OpenMP,720p,3,0,,,,218.306,12,OK
Unsharp,CUDA,720p,3,0,0.711648,0.51584,0.627552,1.86397,,OK
Unsharp,Sequential,720p,3,1,,,,1287.85,,OK
Unsharp,OpenMP,720p,3,1,,,,213.469,12,OK
Unsharp,CUDA,720p,3,1,0.56576,0.517088,0.546976,1.63696,,OK
Unsharp,Sequential,720p,3,2,,,,1297.23,,OK
Unsharp,OpenMP,720p,3,2,,,,215.518,12,OK
Unsharp,CUDA,720p,3,2,0.58192,0.50976,0.524928,1.6239,,OK
Unsharp,Sequential,720p,3,3,,,,1286.54,,OK
Unsharp,OpenMP,720p,3,3,,,,219.314,12,OK
Unsharp,CUDA,720p,3,3,0.546432,0.513344,0.521376,1.58918,,OK
Unsharp,Sequential,720p,3,4,,,,1291.26,,OK
Unsharp,OpenMP,720p,3,4,,,,221.633,12,OK
Unsharp,CUDA,720p,3,4,0.554496,0.52736,0.524608,1.61344,,OK
HistEqual,Sequential,720p,3,0,,,,56.346,,OK
HistEqual,OpenMP,720p,3,0,,,,10.7127,12,OK
HistEqual,CUDA,720p,3,0,0.250176,0.287808,0.258144,0.80368,,OK
HistEqual,Sequential,720p,3,1,,,,57.2047,,OK
HistEqual,OpenMP,720p,3,1,,,,10.3685,12,OK
HistEqual,CUDA,720p,3,1,0.26192,0.291424,0.25056,0.811264,,OK
HistEqual,Sequential,720p,3,2,,,,57.5027,,OK
HistEqual,OpenMP,720p,3,2,,,,10.5698,12,OK
HistEqual,CUDA,720p,3,2,0.255296,0.307552,0.25632,0.827232,,OK
HistEqual,Sequential,720p,3,3,,,,56.6492,,OK
HistEqual,OpenMP,720p,3,3,,,,11.2708,12,OK
HistEqual,CUDA,720p,3,3,0.251776,0.271872,0.252,0.783008,,OK
HistEqual,Sequential,720p,3,4,,,,56.7235,,OK
HistEqual,OpenMP,720p,3,4,,,,13.2687,12,OK
HistEqual,CUDA,720p,3,4,0.308224,0.70384,0.282176,1.30262,,OK
Invert,Sequential,720p,4,0,,,,66.9776,,OK
Invert,OpenMP,720p,4,0,,,,10.8626,12,OK
Invert,CUDA,720p,4,0,0.530528,0.264384,0.493728,1.29562,,OK
Invert,Sequential,720p,4,1,,,,67.0587,,OK
Invert,OpenMP,720p,4,1,,,,10.1716,12,OK
Invert,CUDA,720p,4,1,0.624192,0.378784,0.527744,1.53942,,OK
Invert,Sequential,720p,4,2,,,,67.5682,,OK
Invert,OpenMP,720p,4,2,,,,10.346,12,OK
Invert,CUDA,720p,4,2,0.575712,0.261856,0.515424,1.36096,,OK
Invert,Sequential,720p,4,3,,,,68.1031,,OK
Invert,OpenMP,720p,4,3,,,,9.8854,12,OK
Invert,CUDA,720p,4,3,0.58864,0.259552,0.498624,1.3545,,OK
Invert,Sequential,720p,4,4,,,,67.3982,,OK
Invert,OpenMP,720p,4,4,,,,10.3134,12,OK
Invert,CUDA,720p,4,4,0.52768,0.26336,0.527072,1.32586,,OK
Gauss,Sequential,720p,4,0,,,,1146.55,,OK
Gauss,OpenMP,720p,4,0,,,,190.36,12,OK
Gauss,CUDA,720p,4,0,0.645664,0.438144,1.128,2.21971,,OK
Gauss,Sequential,720p,4,1,,,,1135.2,,OK
Gauss,OpenMP,720p,4,1,,,,188.1,12,OK
Gauss,CUDA,720p,4,1,0.636224,0.915104,1.0519,2.61174,,OK
Gauss,Sequential,720p,4,2,,,,1140.88,,OK
Gauss,OpenMP,720p,4,2,,,,191.289,12,OK
Gauss,CUDA,720p,4,2,0.5776,0.418976,0.51584,1.51926,,OK
Gauss,Sequential,720p,4,3,,,,1139.49,,OK
Gauss,OpenMP,720p,4,3,,,,192.847,12,OK
Gauss,CUDA,720p,4,3,0.58128,0.425888,0.532352,1.54739,,OK
Gauss,Sequential,720p,4,4,,,,1138.44,,OK
Gauss,OpenMP,720p,4,4,,,,190.374,12,OK
Gauss,CUDA,720p,4,4,0.60288,0.451744,0.557536,1.61968,,OK
Sobel,Sequential,720p,4,0,,,,253.537,,OK
Sobel,OpenMP,720p,4,0,,,,36.7815,12,OK
Sobel,CUDA,720p,4,0,0.430592,0.20752,0.371072,1.0177,,OK
Sobel,Sequential,720p,4,1,,,,253.905,,OK
Sobel,OpenMP,720p,4,1,,,,38.0623,12,OK
Sobel,CUDA,720p,4,1,0.351936,0.205312,0.292608,0.858048,,OK
Sobel,Sequential,720p,4,2,,,,253.3,,OK
Sobel,OpenMP,720p,4,2,,,,38.2764,12,OK
Sobel,CUDA,720p,4,2,0.283168,0.224576,0.596448,1.11344,,OK
Sobel,Sequential,720p,4,3,,,,249.888,,OK
Sobel,OpenMP,720p,4,3,,,,37.5006,12,OK
Sobel,CUDA,720p,4,3,0.281376,0.198048,0.24704,0.733504,,OK
Sobel,Sequential,720p,4,4,,,,250.47,,OK
Sobel,OpenMP,720p,4,4,,,,38.072,12,OK
Sobel,CUDA,720p,4,4,0.25504,0.191808,0.245984,0.69968,,OK
Unsharp,Sequential,720p,4,0,,,,1306.43,,OK
Unsharp,OpenMP,720p,4,0,,,,212.789,12,OK
Unsharp,CUDA,720p,4,0,0.570976,0.537344,0.53216,1.64848,,OK
Unsharp,Sequential,720p,4,1,,,,1297.11,,OK
Unsharp,OpenMP,720p,4,1,,,,217.66,12,OK
Unsharp,CUDA,720p,4,1,0.625024,0.548896,0.537376,1.71946,,OK
Unsharp,Sequential,720p,4,2,,,,1296.9,,OK
Unsharp,OpenMP,720p,4,2,,,,214.133,12,OK
Unsharp,CUDA,720p,4,2,0.579968,0.993024,0.906784,2.48784,,OK
Unsharp,Sequential,720p,4,3,,,,1299.08,,OK
Unsharp,OpenMP,720p,4,3,,,,216.699,12,OK
Unsharp,CUDA,720p,4,3,0.59904,0.518976,0.556736,1.68166,,OK
Unsharp,Sequential,720p,4,4,,,,1302.93,,OK
Unsharp,OpenMP,720p,4,4,,,,218.635,12,OK
Unsharp,CUDA,720p,4,4,0.540768,0.503296,0.518304,1.57072,,OK
HistEqual,Sequential,720p,4,0,,,,56.7613,,OK
HistEqual,OpenMP,720p,4,0,,,,10.7064,12,OK
HistEqual,CUDA,720p,4,0,0.249088,0.253056,0.238304,0.74784,,OK
HistEqual,Sequential,720p,4,1,,,,57.8662,,OK
HistEqual,OpenMP,720p,4,1,,,,10.5936,12,OK
HistEqual,CUDA,720p,4,1,0.275424,0.273856,0.253504,0.810048,,OK
HistEqual,Sequential,720p,4,2,,,,57.6764,,OK
HistEqual,OpenMP,720p,4,2,,,,10.518,12,OK
HistEqual,CUDA,720p,4,2,0.24784,0.284384,0.246848,0.78592,,OK
HistEqual,Sequential,720p,4,3,,,,56.8351,,OK
HistEqual,OpenMP,720p,4,3,,,,11.3154,12,OK
HistEqual,CUDA,720p,4,3,0.259328,0.28176,0.250688,0.799296,,OK
HistEqual,Sequential,720p,4,4,,,,56.7118,,OK
HistEqual,OpenMP,720p,4,4,,,,16.4346,12,OK
HistEqual,CUDA,720p,4,4,0.245696,0.284128,0.232352,0.76944,,OK
Invert,Sequential,720p,5,0,,,,67.1012,,OK
Invert,OpenMP,720p,5,0,,,,10.1472,12,OK
Invert,CUDA,720p,5,0,0.532544,0.263552,1.04701,1.8513,,OK
Invert,Sequential,720p,5,1,,,,67.1627,,OK
Invert,OpenMP,720p,5,1,,,,10.3108,12,OK
Invert,CUDA,720p,5,1,0.536,0.28352,0.522752,1.35021,,OK
Invert,Sequential,720p,5,2,,,,67.7398,,OK
Invert,OpenMP,720p,5,2,,,,10.3089,12,OK
Invert,CUDA,720p,5,2,0.914496,0.373696,0.551392,1.84816,,OK
Invert,Sequential,720p,5,3,,,,67.5588,,OK
Invert,OpenMP,720p,5,3,,,,10.3655,12,OK
Invert,CUDA,720p,5,3,0.516576,0.259616,0.538656,1.32285,,OK
Invert,Sequential,720p,5,4,,,,67.2852,,OK
Invert,OpenMP,720p,5,4,,,,11.7998,12,OK
Invert,CUDA,720p,5,4,0.560224,0.26528,0.520192,1.3537,,OK
Gauss,Sequential,720p,5,0,,,,1138.84,,OK
Gauss,OpenMP,720p,5,0,,,,188.052,12,OK
Gauss,CUDA,720p,5,0,0.67632,0.440032,0.663008,1.78707,,OK
Gauss,Sequential,720p,5,1,,,,1139.68,,OK
Gauss,OpenMP,720p,5,1,,,,188.171,12,OK
Gauss,CUDA,720p,5,1,0.757216,0.437088,0.708512,1.91107,,OK
Gauss,Sequential,720p,5,2,,,,1142.82,,OK
Gauss,OpenMP,720p,5,2,,,,191.272,12,OK
Gauss,CUDA,720p,5,2,0.589536,0.426432,0.510976,1.53514,,OK
Gauss,Sequential,720p,5,3,,,,1140.96,,OK
Gauss,OpenMP,720p,5,3,,,,192.267,12,OK
Gauss,CUDA,720p,5,3,0.899584,0.76944,0.840256,2.5191,,OK
Gauss,Sequential,720p,5,4,,,,1144.33,,OK
Gauss,OpenMP,720p,5,4,,,,187.048,12,OK
Gauss,CUDA,720p,5,4,0.61776,0.441472,0.600224,1.66739,,OK
Sobel,Sequential,720p,5,0,,,,257.003,,OK
Sobel,OpenMP,720p,5,0,,,,37.147,12,OK
Sobel,CUDA,720p,5,0,0.25568,0.200832,0.2488,0.713664,,OK
Sobel,Sequential,720p,5,1,,,,251.538,,OK
Sobel,OpenMP,720p,5,1,,,,37.3998,12,OK
Sobel,CUDA,720p,5,1,0.352032,0.250272,0.292672,0.90336,,OK
Sobel,Sequential,720p,5,2,,,,251.873,,OK
Sobel,OpenMP,720p,5,2,,,,37.72,12,OK
Sobel,CUDA,720p,5,2,0.269664,0.197664,0.249056,0.72448,,OK
Sobel,Sequential,720p,5,3,,,,249.957,,OK
Sobel,OpenMP,720p,5,3,,,,37.4034,12,OK
Sobel,CUDA,720p,5,3,0.25424,0.195552,0.24736,0.705504,,OK
Sobel,Sequential,720p,5,4,,,,248.973,,OK
Sobel,OpenMP,720p,5,4,,,,39.1699,12,OK
Sobel,CUDA,720p,5,4,0.263552,0.193664,0.314464,0.779776,,OK
Unsharp,Sequential,720p,5,0,,,,1297.59,,OK
Unsharp,OpenMP,720p,5,0,,,,219.954,12,OK
Unsharp,CUDA,720p,5,0,0.563136,0.51088,0.60208,1.68397,,OK
Unsharp,Sequential,720p,5,1,,,,1293.6,,OK
Unsharp,OpenMP,720p,5,1,,,,217.419,12,OK
Unsharp,CUDA,720p,5,1,0.595936,0.50848,0.53936,1.65178,,OK
Unsharp,Sequential,720p,5,2,,,,1302.27,,OK
Unsharp,OpenMP,720p,5,2,,,,213.505,12,OK
Unsharp,CUDA,720p,5,2,0.647008,0.509248,0.516448,1.67962,,OK
Unsharp,Sequential,720p,5,3,,,,1295.17,,OK
Unsharp,OpenMP,720p,5,3,,,,216.229,12,OK
Unsharp,CUDA,720p,5,3,0.5704,0.518752,0.526176,1.62234,,OK
Unsharp,Sequential,720p,5,4,,,,1306.94,,OK
Unsharp,OpenMP,720p,5,4,,,,212.139,12,OK
Unsharp,CUDA,720p,5,4,0.588576,0.51168,0.529376,1.63766,,OK
HistEqual,Sequential,720p,5,0,,,,56.4379,,OK
HistEqual,OpenMP,720p,5,0,,,,12.2008,12,OK
HistEqual,CUDA,720p,5,0,0.252192,0.348224,0.305952,0.913664,,OK
HistEqual,Sequential,720p,5,1,,,,56.5698,,OK
HistEqual,OpenMP,720p,5,1,,,,11.9075,12,OK
HistEqual,CUDA,720p,5,1,0.251968,0.292192,0.293152,0.844608,,OK
HistEqual,Sequential,720p,5,2,,,,57.3138,,OK
HistEqual,OpenMP,720p,5,2,,,,11.1154,12,OK
HistEqual,CUDA,720p,5,2,0.334016,0.62352,0.477888,1.44899,,OK
HistEqual,Sequential,720p,5,3,,,,56.9505,,OK
HistEqual,OpenMP,720p,5,3,,,,11.0416,12,OK
HistEqual,CUDA,720p,5,3,0.283872,0.282272,0.242176,0.814944,,OK
HistEqual,Sequential,720p,5,4,,,,56.76,,OK
HistEqual,OpenMP,720p,5,4,,,,15.14,12,OK
HistEqual,CUDA,720p,5,4,0.258656,0.6848,0.58,1.53392,,OK
Invert,Sequential,720p,6,0,,,,67.2292,,OK
Invert,OpenMP,720p,6,0,,,,10.477,12,OK
Invert,CUDA,720p,6,0,0.518304,0.267296,0.522016,1.31485,,OK
Invert,Sequential,720p,6,1,,,,67.004,,OK
Invert,OpenMP,720p,6,1,,,,10.2239,12,OK
Invert,CUDA,720p,6,1,0.54176,0.482944,0.885568,1.9185,,OK
Invert,Sequential,720p,6,2,,,,67.7262,,OK
Invert,OpenMP,720p,6,2,,,,10.3226,12,OK
Invert,CUDA,720p,6,2,0.523456,0.263456,0.524672,1.31955,,OK
Invert,Sequential,720p,6,3,,,,66.8413,,OK
Invert,OpenMP,720p,6,3,,,,11.3244,12,OK
Invert,CUDA,720p,6,3,0.664192,0.258912,0.492352,1.42323,,OK
Invert,Sequential,720p,6,4,,,,66.8144,,OK
Invert,OpenMP,720p,6,4,,,,10.28,12,OK
Invert,CUDA,720p,6,4,0.517152,0.265728,0.535744,1.32669,,OK
Gauss,Sequential,720p,6,0,,,,1152.15,,OK
Gauss,OpenMP,720p,6,0,,,,187.345,12,OK
Gauss,CUDA,720p,6,0,0.670528,0.446976,0.598976,1.72426,,OK
Gauss,Sequential,720p,6,1,,,,1150.7,,OK
Gauss,OpenMP,720p,6,1,,,,185.671,12,OK
Gauss,CUDA,720p,6,1,0.630528,0.482752,0.675392,1.79693,,OK
Gauss,Sequential,720p,6,2,,,,1145.79,,OK
Gauss,OpenMP,720p,6,2,,,,187.882,12,OK
Gauss,CUDA,720p,6,2,0.661856,0.439584,0.78176,1.89149,,OK
Gauss,Sequential,720p,6,3,,,,1148.94,,OK
Gauss,OpenMP,720p,6,3,,,,187.612,12,OK
Gauss,CUDA,720p,6,3,0.641376,0.773632,1.16982,2.59309,,OK
Gauss,Sequential,720p,6,4,,,,1147.57,,OK
Gauss,OpenMP,720p,6,4,,,,190.584,12,OK
Gauss,CUDA,720p,6,4,0.615616,0.42528,0.549248,1.59709,,OK
Sobel,Sequential,720p,6,0,,,,255.04,,OK
Sobel,OpenMP,720p,6,0,,,,37.8891,12,OK
Sobel,CUDA,720p,6,0,0.25856,0.19632,0.243456,0.706272,,OK
Sobel,Sequential,720p,6,1,,,,251.389,,OK
Sobel,OpenMP,720p,6,1,,,,37.4249,12,OK
Sobel,CUDA,720p,6,1,0.26576,0.19392,0.263424,0.730464,,OK
Sobel,Sequential,720p,6,2,,,,249.552,,OK
Sobel,OpenMP,720p,6,2,,,,37.506,12,OK
Sobel,CUDA,720p,6,2,0.282432,0.198912,0.251104,0.73968,,OK
Sobel,Sequential,720p,6,3,,,,248.348,,OK
Sobel,OpenMP,720p,6,3,,,,37.3782,12,OK
Sobel,CUDA,720p,6,3,0.261216,0.198528,0.231776,0.699264,,OK
Sobel,Sequential,720p,6,4,,,,249.224,,OK
Sobel,OpenMP,720p,6,4,,,,38.5146,12,OK
Sobel,CUDA,720p,6,4,0.28336,0.21568,0.283296,0.790528,,OK
Unsharp,Sequential,720p,6,0,,,,1285.27,,OK
Unsharp,OpenMP,720p,6,0,,,,218.468,12,OK
Unsharp,CUDA,720p,6,0,0.574912,0.514304,0.527232,1.62496,,OK
Unsharp,Sequential,720p,6,1,,,,1286.68,,OK
Unsharp,OpenMP,720p,6,1,,,,213.162,12,OK
Unsharp,CUDA,720p,6,1,0.613984,0.508032,0.557312,1.68762,,OK
Unsharp,Sequential,720p,6,2,,,,1298.99,,OK
Unsharp,OpenMP,720p,6,2,,,,213.269,12,OK
Unsharp,CUDA,720p,6,2,0.574336,0.514208,0.528544,1.62518,,OK
Unsharp,Sequential,720p,6,3,,,,1299.93,,OK
Unsharp,OpenMP,720p,6,3,,,,212.113,12,OK
Unsharp,CUDA,720p,6,3,0.59584,0.513792,0.525184,1.64285,,OK
Unsharp,Sequential,720p,6,4,,,,1293.51,,OK
Unsharp,OpenMP,720p,6,4,,,,214.931,12,OK
Unsharp,CUDA,720p,6,4,0.565888,0.501344,0.583936,1.66022,,OK
HistEqual,Sequential,720p,6,0,,,,56.4647,,OK
HistEqual,OpenMP,720p,6,0,,,,10.9163,12,OK
HistEqual,CUDA,720p,6,0,0.248384,0.30496,0.249376,0.81024,,OK
HistEqual,Sequential,720p,6,1,,,,56.7629,,OK
HistEqual,OpenMP,720p,6,1,,,,10.5789,12,OK
HistEqual,CUDA,720p,6,1,0.249664,0.28544,0.272064,0.814368,,OK
HistEqual,Sequential,720p,6,2,,,,57.3109,,OK
HistEqual,OpenMP,720p,6,2,,,,10.9263,12,OK
HistEqual,CUDA,720p,6,2,0.299712,0.356064,0.312416,0.97552,,OK
HistEqual,Sequential,720p,6,3,,,,56.6251,,OK
HistEqual,OpenMP,720p,6,3,,,,11.1884,12,OK
HistEqual,CUDA,720p,6,3,0.262592,0.338112,0.718432,1.32717,,OK
HistEqual,Sequential,720p,6,4,,,,56.8589,,OK
HistEqual,OpenMP,720p,6,4,,,,14.7649,12,OK
HistEqual,CUDA,720p,6,4,0.244896,0.268928,0.2472,0.767936,,OK
Invert,Sequential,720p,7,0,,,,66.8835,,OK
Invert,OpenMP,720p,7,0,,,,10.3546,12,OK
Invert,CUDA,720p,7,0,0.534688,0.485088,0.867136,1.89491,,OK
Invert,Sequential,720p,7,1,,,,66.8472,,OK
Invert,OpenMP,720p,7,1,,,,10.2601,12,OK
Invert,CUDA,720p,7,1,0.537728,0.267104,0.496832,1.30835,,OK
Invert,Sequential,720p,7,2,,,,67.3898,,OK
Invert,OpenMP,720p,7,2,,,,10.3822,12,OK
Invert,CUDA,720p,7,2,0.546688,0.481536,1.00445,2.04102,,OK
Invert,Sequential,720p,7,3,,,,66.865,,OK
Invert,OpenMP,720p,7,3,,,,11.0827,12,OK
Invert,CUDA,720p,7,3,0.535328,0.26496,0.500992,1.30909,,OK
Invert,Sequential,720p,7,4,,,,67.203,,OK
Invert,OpenMP,720p,7,4,,,,10.2678,12,OK
Invert,CUDA,720p,7,4,0.914048,0.327584,0.5824,1.83219,,OK
Gauss,Sequential,720p,7,0,,,,1159.57,,OK
Gauss,OpenMP,720p,7,0,,,,188.951,12,OK
Gauss,CUDA,720p,7,0,0.609632,0.484096,0.738496,1.83981,,OK
Gauss,Sequential,720p,7,1,,,,1149.49,,OK
Gauss,OpenMP,720p,7,1,,,,189.162,12,OK
Gauss,CUDA,720p,7,1,0.704256,0.881376,0.591872,2.18502,,OK
Gauss,Sequential,720p,7,2,,,,1142.68,,OK
Gauss,OpenMP,720p,7,2,,,,192.935,12,OK
Gauss,CUDA,720p,7,2,0.614816,0.424576,0.52496,1.57274,,OK
Gauss,Sequential,720p,7,3,,,,1145.48,,OK
Gauss,OpenMP,720p,7,3,,,,186.011,12,OK
Gauss,CUDA,720p,7,3,0.72352,0.766176,1.17082,2.66877,,OK
Gauss,Sequential,720p,7,4,,,,1142.53,,OK
Gauss,OpenMP,720p,7,4,,,,184.435,12,OK
Gauss,CUDA,720p,7,4,0.61328,0.438272,0.617216,1.67574,,OK
Sobel,Sequential,720p,7,0,,,,254.339,,OK
Sobel,OpenMP,720p,7,0,,,,38.448,12,OK
Sobel,CUDA,720p,7,0,0.266336,0.191392,0.249632,0.715648,,OK
Sobel,Sequential,720p,7,1,,,,250.217,,OK
Sobel,OpenMP,720p,7,1,,,,37.313,12,OK
Sobel,CUDA,720p,7,1,0.28832,0.207264,0.236032,0.739904,,OK
Sobel,Sequential,720p,7,2,,,,249.07,,OK
Sobel,OpenMP,720p,7,2,,,,37.6268,12,OK
Sobel,CUDA,720p,7,2,0.25936,0.200224,0.289856,0.756672,,OK
Sobel,Sequential,720p,7,3,,,,248.508,,OK
Sobel,OpenMP,720p,7,3,,,,37.4383,12,OK
Sobel,CUDA,720p,7,3,0.260288,0.199936,0.249664,0.717984,,OK
Sobel,Sequential,720p,7,4,,,,250.48,,OK
Sobel,OpenMP,720p,7,4,,,,37.8071,12,OK
Sobel,CUDA,720p,7,4,0.340416,0.244768,0.372512,0.96496,,OK
Unsharp,Sequential,720p,7,0,,,,1292.73,,OK
Unsharp,OpenMP,720p,7,0,,,,214.576,12,OK
Unsharp,CUDA,720p,7,0,0.5656,0.541952,0.525888,1.64048,,OK
Unsharp,Sequential,720p,7,1,,,,1293.09,,OK
Unsharp,OpenMP,720p,7,1,,,,222.038,12,OK
Unsharp,CUDA,720p,7,1,0.572256,0.510208,0.58352,1.67293,,OK
Unsharp,Sequential,720p,7,2,,,,1299.66,,OK
Unsharp,OpenMP,720p,7,2,,,,220.565,12,OK
Unsharp,CUDA,720p,7,2,0.615872,0.507872,0.521824,1.65245,,OK
Unsharp,Sequential,720p,7,3,,,,1293.86,,OK
Unsharp,OpenMP,720p,7,3,,,,215.02,12,OK
Unsharp,CUDA,720p,7,3,0.584224,0.507264,0.525472,1.62499,,OK
Unsharp,Sequential,720p,7,4,,,,1288.71,,OK
Unsharp,OpenMP,720p,7,4,,,,216.666,12,OK
Unsharp,CUDA,720p,7,4,0.578784,0.512864,0.531264,1.63158,,OK
HistEqual,Sequential,720p,7,0,,,,56.3057,,OK
HistEqual,OpenMP,720p,7,0,,,,10.7709,12,OK
HistEqual,CUDA,720p,7,0,0.245856,0.269632,0.360864,0.883776,,OK
HistEqual,Sequential,720p,7,1,,,,56.4809,,OK
HistEqual,OpenMP,720p,7,1,,,,11.0682,12,OK
HistEqual,CUDA,720p,7,1,0.251392,0.304032,0.255712,0.817472,,OK
HistEqual,Sequential,720p,7,2,,,,57.4968,,OK
HistEqual,OpenMP,720p,7,2,,,,10.6782,12,OK
HistEqual,CUDA,720p,7,2,0.289984,0.660672,0.54992,1.51312,,OK
HistEqual,Sequential,720p,7,3,,,,57.0408,,OK
HistEqual,OpenMP,720p,7,3,,,,10.5801,12,OK
HistEqual,CUDA,720p,7,3,0.329472,0.358016,0.365408,1.05901,,OK
HistEqual,Sequential,720p,7,4,,,,56.5858,,OK
HistEqual,OpenMP,720p,7,4,,,,10.3816,12,OK
HistEqual,CUDA,720p,7,4,0.309984,0.33552,0.271616,0.923328,,OK
Invert,Sequential,720p,8,0,,,,67.2093,,OK
Invert,OpenMP,720p,8,0,,,,10.1423,12,OK
Invert,CUDA,720p,8,0,0.517536,0.259808,0.535776,1.32134,,OK
Invert,Sequential,720p,8,1,,,,66.7337,,OK
Invert,OpenMP,720p,8,1,,,,10.1577,12,OK
Invert,CUDA,720p,8,1,0.852224,0.2656,0.50896,1.63482,,OK
Invert,Sequential,720p,8,2,,,,67.1057,,OK
Invert,OpenMP,720p,8,2,,,,10.662,12,OK
Invert,CUDA,720p,8,2,0.520608,0.267072,0.520096,1.31568,,OK
Invert,Sequential,720p,8,3,,,,66.901,,OK
Invert,OpenMP,720p,8,3,,,,10.0326,12,OK
Invert,CUDA,720p,8,3,0.845888,0.273056,0.518624,1.6455,,OK
Invert,Sequential,720p,8,4,,,,66.8699,,OK
Invert,OpenMP,720p,8,4,,,,10.1179,12,OK
Invert,CUDA,720p,8,4,0.740288,0.327296,0.5696,1.6463,,OK
Gauss,Sequential,720p,8,0,,,,1145.82,,OK
Gauss,OpenMP,720p,8,0,,,,188.069,12,OK
Gauss,CUDA,720p,8,0,0.680032,0.442016,0.608704,1.73779,,OK
Gauss,Sequential,720p,8,1,,,,1143.5,,OK
Gauss,OpenMP,720p,8,1,,,,189.685,12,OK
Gauss,CUDA,720p,8,1,0.551936,0.420832,0.534624,1.51494,,OK
Gauss,Sequential,720p,8,2,,,,1142.67,,OK
Gauss,OpenMP,720p,8,2,,,,188.982,12,OK
Gauss,CUDA,720p,8,2,0.764768,0.9304,0.866464,2.56867,,OK
Gauss,Sequential,720p,8,3,,,,1136.46,,OK
Gauss,OpenMP,720p,8,3,,,,186.748,12,OK
Gauss,CUDA,720p,8,3,0.754688,0.877088,1.10074,2.7407,,OK
Gauss,Sequential,720p,8,4,,,,1149.11,,OK
Gauss,OpenMP,720p,8,4,,,,191.761,12,OK
Gauss,CUDA,720p,8,4,0.578432,0.424672,0.520704,1.53162,,OK
Sobel,Sequential,720p,8,0,,,,253.615,,OK
Sobel,OpenMP,720p,8,0,,,,37.7242,12,OK
Sobel,CUDA,720p,8,0,0.25888,0.19968,0.247968,0.714624,,OK
Sobel,Sequential,720p,8,1,,,,250.395,,OK
Sobel,OpenMP,720p,8,1,,,,38.1506,12,OK
Sobel,CUDA,720p,8,1,0.260576,0.19456,0.262336,0.725248,,OK
Sobel,Sequential,720p,8,2,,,,251.001,,OK
Sobel,OpenMP,720p,8,2,,,,38.2187,12,OK
Sobel,CUDA,720p,8,2,0.260672,0.198656,0.310432,0.778688,,OK
Sobel,Sequential,720p,8,3,,,,251.399,,OK
Sobel,OpenMP,720p,8,3,,,,37.8589,12,OK
Sobel,CUDA,720p,8,3,0.260768,0.1976,0.250208,0.716704,,OK
Sobel,Sequential,720p,8,4,,,,254.472,,OK
Sobel,OpenMP,720p,8,4,,,,37.6424,12,OK
Sobel,CUDA,720p,8,4,0.258784,0.193952,0.250816,0.711552,,OK
Unsharp,Sequential,720p,8,0,,,,1293.47,,OK
Unsharp,OpenMP,720p,8,0,,,,215.227,12,OK
Unsharp,CUDA,720p,8,0,0.644864,0.51344,0.528416,1.69472,,OK
Unsharp,Sequential,720p,8,1,,,,1293.01,,OK
Unsharp,OpenMP,720p,8,1,,,,213.358,12,OK
Unsharp,CUDA,720p,8,1,0.583488,0.513248,0.568928,1.67264,,OK
Unsharp,Sequential,720p,8,2,,,,1291.24,,OK
Unsharp,OpenMP,720p,8,2,,,,218.38,12,OK
Unsharp,CUDA,720p,8,2,0.574368,0.508352,0.558816,1.64963,,OK
Unsharp,Sequential,720p,8,3,,,,1297.96,,OK
Unsharp,OpenMP,720p,8,3,,,,214.583,12,OK
Unsharp,CUDA,720p,8,3,0.586624,0.911232,0.898304,2.40512,,OK
Unsharp,Sequential,720p,8,4,,,,1290.82,,OK
Unsharp,OpenMP,720p,8,4,,,,213.786,12,OK
Unsharp,CUDA,720p,8,4,0.633216,0.506816,0.968448,2.11677,,OK
HistEqual,Sequential,720p,8,0,,,,56.2514,,OK
HistEqual,OpenMP,720p,8,0,,,,11.1154,12,OK
HistEqual,CUDA,720p,8,0,0.25376,0.671232,0.557248,1.49274,,OK
HistEqual,Sequential,720p,8,1,,,,56.7331,,OK
HistEqual,OpenMP,720p,8,1,,,,10.4121,12,OK
HistEqual,CUDA,720p,8,1,0.252224,0.391264,0.655648,1.30634,,OK
HistEqual,Sequential,720p,8,2,,,,57.9868,,OK
HistEqual,OpenMP,720p,8,2,,,,10.5774,12,OK
HistEqual,CUDA,720p,8,2,0.307584,0.302272,0.243008,0.859872,,OK
HistEqual,Sequential,720p,8,3,,,,56.8219,,OK
HistEqual,OpenMP,720p,8,3,,,,10.8012,12,OK
HistEqual,CUDA,720p,8,3,0.268128,0.348736,0.335424,0.958368,,OK
HistEqual,Sequential,720p,8,4,,,,56.4971,,OK
HistEqual,OpenMP,720p,8,4,,,,10.2699,12,OK
HistEqual,CUDA,720p,8,4,0.327936,1.20627,0.293216,1.83488,,OK
Invert,Sequential,720p,9,0,,,,67.16,,OK
Invert,OpenMP,720p,9,0,,,,11.1478,12,OK
Invert,CUDA,720p,9,0,0.517728,0.262144,0.52368,1.31155,,OK
Invert,Sequential,720p,9,1,,,,66.6938,,OK
Invert,OpenMP,720p,9,1,,,,10.2693,12,OK
Invert,CUDA,720p,9,1,0.537568,0.25728,0.49104,1.29344,,OK
Invert,Sequential,720p,9,2,,,,67.5237,,OK
Invert,OpenMP,720p,9,2,,,,10.5585,12,OK
Invert,CUDA,720p,9,2,0.554784,0.271616,0.552512,1.38701,,OK
Invert,Sequential,720p,9,3,,,,66.9802,,OK
Invert,OpenMP,720p,9,3,,,,10.142,12,OK
Invert,CUDA,720p,9,3,0.515584,0.254336,0.502176,1.27978,,OK
Invert,Sequential,720p,9,4,,,,66.8624,,OK
Invert,OpenMP,720p,9,4,,,,10.3589,12,OK
Invert,CUDA,720p,9,4,0.51856,0.308992,0.523616,1.35942,,OK
Gauss,Sequential,720p,9,0,,,,1145.8,,OK
Gauss,OpenMP,720p,9,0,,,,189.595,12,OK
Gauss,CUDA,720p,9,0,0.588736,0.42016,0.634848,1.65126,,OK
Gauss,Sequential,720p,9,1,,,,1143.97,,OK
Gauss,OpenMP,720p,9,1,,,,187.645,12,OK
Gauss,CUDA,720p,9,1,0.633152,0.434176,0.70912,1.7847,,OK
Gauss,Sequential,720p,9,2,,,,1148.24,,OK
Gauss,OpenMP,720p,9,2,,,,185.482,12,OK
Gauss,CUDA,720p,9,2,0.602432,0.44688,0.678464,1.73488,,OK
Gauss,Sequential,720p,9,3,,,,1145.73,,OK
Gauss,OpenMP,720p,9,3,,,,190.404,12,OK
Gauss,CUDA,720p,9,3,0.670368,0.449536,0.7032,1.83126,,OK
Gauss,Sequential,720p,9,4,,,,1141.19,,OK
Gauss,OpenMP,720p,9,4,,,,190.87,12,OK
Gauss,CUDA,720p,9,4,0.58464,0.423488,0.527808,1.54419,,OK
Sobel,Sequential,720p,9,0,,,,250.128,,OK
Sobel,OpenMP,720p,9,0,,,,37.7074,12,OK
Sobel,CUDA,720p,9,0,0.246112,0.191456,0.246592,0.692192,,OK
Sobel,Sequential,720p,9,1,,,,254.592,,OK
Sobel,OpenMP,720p,9,1,,,,37.1072,12,OK
Sobel,CUDA,720p,9,1,0.26736,0.195648,0.247552,0.718688,,OK
Sobel,Sequential,720p,9,2,,,,249.654,,OK
Sobel,OpenMP,720p,9,2,,,,37.8876,12,OK
Sobel,CUDA,720p,9,2,0.257152,0.196256,0.254496,0.71536,,OK
Sobel,Sequential,720p,9,3,,,,249.74,,OK
Sobel,OpenMP,720p,9,3,,,,37.5608,12,OK
Sobel,CUDA,720p,9,3,0.253088,0.204608,0.334656,0.80048,,OK
Sobel,Sequential,720p,9,4,,,,250.026,,OK
Sobel,OpenMP,720p,9,4,,,,38.4381,12,OK
Sobel,CUDA,720p,9,4,0.372384,0.201888,0.236064,0.81872,,OK
Unsharp,Sequential,720p,9,0,,,,1294.55,,OK
Unsharp,OpenMP,720p,9,0,,,,214.359,12,OK
Unsharp,CUDA,720p,9,0,0.572032,0.532672,0.53728,1.64906,,OK
Unsharp,Sequential,720p,9,1,,,,1289.95,,OK
Unsharp,OpenMP,720p,9,1,,,,213.148,12,OK
Unsharp,CUDA,720p,9,1,0.858592,0.556256,0.609856,2.03302,,OK
Unsharp,Sequential,720p,9,2,,,,1295.07,,OK
Unsharp,OpenMP,720p,9,2,,,,213.69,12,OK
Unsharp,CUDA,720p,9,2,0.585184,0.529792,0.921632,2.04483,,OK
Unsharp,Sequential,720p,9,3,,,,1295.93,,OK
Unsharp,OpenMP,720p,9,3,,,,219.278,12,OK
Unsharp,CUDA,720p,9,3,0.56304,0.500096,0.507936,1.57866,,OK
Unsharp,Sequential,720p,9,4,,,,1292.13,,OK
Unsharp,OpenMP,720p,9,4,,,,213.039,12,OK
Unsharp,CUDA,720p,9,4,0.568192,0.511808,0.534656,1.62195,,OK
HistEqual,Sequential,720p,9,0,,,,57.3372,,OK
HistEqual,OpenMP,720p,9,0,,,,11.1154,12,OK
HistEqual,CUDA,720p,9,0,0.257376,0.266432,0.222304,0.753088,,OK
HistEqual,Sequential,720p,9,1,,,,57.332,,OK
HistEqual,OpenMP,720p,9,1,,,,10.9656,12,OK
HistEqual,CUDA,720p,9,1,0.30256,0.351136,0.302976,0.964032,,OK
HistEqual,Sequential,720p,9,2,,,,61.4459,,OK
HistEqual,OpenMP,720p,9,2,,,,10.4632,12,OK
HistEqual,CUDA,720p,9,2,0.315072,0.303968,0.29344,0.919488,,OK
HistEqual,Sequential,720p,9,3,,,,56.8675,,OK
HistEqual,OpenMP,720p,9,3,,,,10.6374,12,OK
HistEqual,CUDA,720p,9,3,0.328224,0.346016,0.292768,0.974112,,OK
HistEqual,Sequential,720p,9,4,,,,56.7166,,OK
HistEqual,OpenMP,720p,9,4,,,,15.5512,12,OK
HistEqual,CUDA,720p,9,4,0.333056,0.300768,0.245536,0.892192,,OK
Invert,Sequential,1080p,0,0,,,,86.8141,,OK
Invert,OpenMP,1080p,0,0,,,,20.8819,12,OK
Invert,CUDA,1080p,0,0,1.19696,0.35536,0.983872,2.54406,,OK
Invert,Sequential,1080p,0,1,,,,127.31,,OK
Invert,OpenMP,1080p,0,1,,,,22.1578,12,OK
Invert,CUDA,1080p,0,1,1.2993,0.585568,1.43427,3.32688,,OK
Invert,Sequential,1080p,0,2,,,,126.222,,OK
Invert,OpenMP,1080p,0,2,,,,21.6838,12,OK
Invert,CUDA,1080p,0,2,1.13859,0.372192,1.59786,3.11683,,OK
Invert,Sequential,1080p,0,3,,,,125.795,,OK
Invert,OpenMP,1080p,0,3,,,,22.0078,12,OK
Invert,CUDA,1080p,0,3,1.11446,0.342944,0.971744,2.43702,,OK
Invert,Sequential,1080p,0,4,,,,127.816,,OK
Invert,OpenMP,1080p,0,4,,,,22.5578,12,OK
Invert,CUDA,1080p,0,4,1.10419,0.346688,1.00278,2.46138,,OK
Gauss,Sequential,1080p,0,0,,,,2522.35,,OK
Gauss,OpenMP,1080p,0,0,,,,422.935,12,OK
Gauss,CUDA,1080p,0,0,1.3113,0.763712,1.15526,3.23741,,OK
Gauss,Sequential,1080p,0,1,,,,2517.35,,OK
Gauss,OpenMP,1080p,0,1,,,,422.741,12,OK
Gauss,CUDA,1080p,0,1,1.14202,0.750752,1.51421,3.41526,,OK
Gauss,Sequential,1080p,0,2,,,,2520.72,,OK
Gauss,OpenMP,1080p,0,2,,,,429.068,12,OK
Gauss,CUDA,1080p,0,2,1.15062,1.17824,1.40496,3.74182,,OK
Gauss,Sequential,1080p,0,3,,,,2523.81,,OK
Gauss,OpenMP,1080p,0,3,,,,421.451,12,OK
Gauss,CUDA,1080p,0,3,1.14214,0.744192,1.04269,2.93696,,OK
Gauss,Sequential,1080p,0,4,,,,2519.83,,OK
Gauss,OpenMP,1080p,0,4,,,,421.742,12,OK
Gauss,CUDA,1080p,0,4,1.46496,0.772032,1.0433,3.28832,,OK
Sobel,Sequential,1080p,0,0,,,,513.71,,OK
Sobel,OpenMP,1080p,0,0,,,,82.5309,12,OK
Sobel,CUDA,1080p,0,0,0.521728,0.245856,0.459936,1.23712,,OK
Sobel,Sequential,1080p,0,1,,,,509.717,,OK
Sobel,OpenMP,1080p,0,1,,,,84.0497,12,OK
Sobel,CUDA,1080p,0,1,0.568512,0.248352,0.505248,1.33046,,OK
Sobel,Sequential,1080p,0,2,,,,512.024,,OK
Sobel,OpenMP,1080p,0,2,,,,84.6793,12,OK
Sobel,CUDA,1080p,0,2,0.46224,0.23808,0.380192,1.08806,,OK
Sobel,Sequential,1080p,0,3,,,,511.061,,OK
Sobel,OpenMP,1080p,0,3,,,,88.3247,12,OK
Sobel,CUDA,1080p,0,3,0.470944,0.234336,0.366656,1.07952,,OK
Sobel,Sequential,1080p,0,4,,,,507.28,,OK
Sobel,OpenMP,1080p,0,4,,,,84.3779,12,OK
Sobel,CUDA,1080p,0,4,0.499104,0.238304,1.57658,2.32218,,OK
Unsharp,Sequential,1080p,0,0,,,,2858.01,,OK
Unsharp,OpenMP,1080p,0,0,,,,476.151,12,OK
Unsharp,CUDA,1080p,0,0,1.26451,0.928224,0.993472,3.19318,,OK
Unsharp,Sequential,1080p,0,1,,,,2852.97,,OK
Unsharp,OpenMP,1080p,0,1,,,,483.102,12,OK
Unsharp,CUDA,1080p,0,1,1.24637,0.947904,1.00758,3.20906,,OK
Unsharp,Sequential,1080p,0,2,,,,2858.84,,OK
Unsharp,OpenMP,1080p,0,2,,,,473.653,12,OK
Unsharp,CUDA,1080p,0,2,1.26605,0.934176,1.03114,3.23978,,OK
Unsharp,Sequential,1080p,0,3,,,,2858.85,,OK
Unsharp,OpenMP,1080p,0,3,,,,485.395,12,OK
Unsharp,CUDA,1080p,0,3,1.21414,1.96749,1.02931,4.21955,,OK
Unsharp,Sequential,1080p,0,4,,,,2854.53,,OK
Unsharp,OpenMP,1080p,0,4,,,,484.066,12,OK
Unsharp,CUDA,1080p,0,4,1.22819,0.93616,1.00032,3.17274,,OK
HistEqual,Sequential,1080p,0,0,,,,113.896,,OK
HistEqual,OpenMP,1080p,0,0,,,,24.8576,12,OK
HistEqual,CUDA,1080p,0,0,0.5496,0.404128,0.529088,1.49018,,OK
HistEqual,Sequential,1080p,0,1,,,,110.853,,OK
HistEqual,OpenMP,1080p,0,1,,,,19.843,12,OK
HistEqual,CUDA,1080p,0,1,0.464512,0.431776,0.531008,1.43475,,OK
HistEqual,Sequential,1080p,0,2,,,,113.51,,OK
HistEqual,OpenMP,1080p,0,2,,,,22.6143,12,OK
HistEqual,CUDA,1080p,0,2,0.502336,0.533312,0.569664,1.6127,,OK
HistEqual,Sequential,1080p,0,3,,,,113.471,,OK
HistEqual,OpenMP,1080p,0,3,,,,20.8076,12,OK
HistEqual,CUDA,1080p,0,3,0.459904,0.372128,0.385024,1.22403,,OK
HistEqual,Sequential,1080p,0,4,,,,112.416,,OK
HistEqual,OpenMP,1080p,0,4,,,,28.0316,12,OK
HistEqual,CUDA,1080p,0,4,0.471104,0.399712,0.397376,1.27552,,OK
Invert,Sequential,1080p,1,0,,,,122.259,,OK
Invert,OpenMP,1080p,1,0,,,,22.6261,12,OK
Invert,CUDA,1080p,1,0,1.13619,0.364608,1.10947,2.61824,,OK
Invert,Sequential,1080p,1,1,,,,124.115,,OK
Invert,OpenMP,1080p,1,1,,,,22.0369,12,OK
Invert,CUDA,1080p,1,1,1.30733,0.544192,0.99024,2.84947,,OK
Invert,Sequential,1080p,1,2,,,,124.651,,OK
Invert,OpenMP,1080p,1,2,,,,22.3775,12,OK
Invert,CUDA,1080p,1,2,1.11254,0.35136,1.0057,2.47766,,OK
Invert,Sequential,1080p,1,3,,,,124.898,,OK
Invert,OpenMP,1080p,1,3,,,,21.5286,12,OK
Invert,CUDA,1080p,1,3,1.31859,0.401248,1.17866,2.90643,,OK
Invert,Sequential,1080p,1,4,,,,126.241,,OK
Invert,OpenMP,1080p,1,4,,,,22.1445,12,OK
Invert,CUDA,1080p,1,4,1.31712,0.351648,0.989408,2.66605,,OK
Gauss,Sequential,1080p,1,0,,,,2528.63,,OK
Gauss,OpenMP,1080p,1,0,,,,464.832,12,OK
Gauss,CUDA,1080p,1,0,1.26899,0.782464,1.22586,3.2855,,OK
Gauss,Sequential,1080p,1,1,,,,2524.13,,OK
Gauss,OpenMP,1080p,1,1,,,,423.948,12,OK
Gauss,CUDA,1080p,1,1,1.12848,0.746784,0.997184,2.88019,,OK
Gauss,Sequential,1080p,1,2,,,,2510.68,,OK
Gauss,OpenMP,1080p,1,2,,,,419.711,12,OK
Gauss,CUDA,1080p,1,2,1.2815,1.53398,1.09062,3.9129,,OK
Gauss,Sequential,1080p,1,3,,,,2514.82,,OK
Gauss,OpenMP,1080p,1,3,,,,419.972,12,OK
Gauss,CUDA,1080p,1,3,1.4279,0.75296,0.99088,3.17958,,OK
Gauss,Sequential,1080p,1,4,,,,2518.83,,OK
Gauss,OpenMP,1080p,1,4,,,,424.908,12,OK
Gauss,CUDA,1080p,1,4,1.21574,0.752448,0.989344,2.96458,,OK
Sobel,Sequential,1080p,1,0,,,,511.862,,OK
Sobel,OpenMP,1080p,1,0,,,,82.898,12,OK
Sobel,CUDA,1080p,1,0,0.525312,0.24576,0.449024,1.22845,,OK
Sobel,Sequential,1080p,1,1,,,,507.822,,OK
Sobel,OpenMP,1080p,1,1,,,,83.0321,12,OK
Sobel,CUDA,1080p,1,1,0.619488,0.259488,0.427136,1.31392,,OK
Sobel,Sequential,1080p,1,2,,,,509.582,,OK
Sobel,OpenMP,1080p,1,2,,,,84.3023,12,OK
Sobel,CUDA,1080p,1,2,0.468256,0.233344,0.390976,1.10045,,OK
Sobel,Sequential,1080p,1,3,,,,509.048,,OK
Sobel,OpenMP,1080p,1,3,,,,83.2079,12,OK
Sobel,CUDA,1080p,1,3,0.491808,0.239936,0.43904,1.17872,,OK
Sobel,Sequential,1080p,1,4,,,,512.582,,OK
Sobel,OpenMP,1080p,1,4,,,,82.7652,12,OK
Sobel,CUDA,1080p,1,4,0.502368,0.23888,0.371936,1.12131,,OK
Unsharp,Sequential,1080p,1,0,,,,2862.34,,OK
Unsharp,OpenMP,1080p,1,0,,,,478.172,12,OK
Unsharp,CUDA,1080p,1,0,1.24787,1.68026,1.02336,3.96038,,OK
Unsharp,Sequential,1080p,1,1,,,,2860.17,,OK
Unsharp,OpenMP,1080p,1,1,,,,479.678,12,OK
Unsharp,CUDA,1080p,1,1,1.32752,0.951776,1.52038,3.80787,,OK
Unsharp,Sequential,1080p,1,2,,,,2862.47,,OK
Unsharp,OpenMP,1080p,1,2,,,,479.775,12,OK
Unsharp,CUDA,1080p,1,2,1.24288,1.19315,1.5345,3.9783,,OK
Unsharp,Sequential,1080p,1,3,,,,2859.86,,OK
Unsharp,OpenMP,1080p,1,3,,,,476.674,12,OK
Unsharp,CUDA,1080p,1,3,1.46365,0.935168,1.09827,3.50538,,OK
Unsharp,Sequential,1080p,1,4,,,,2858.72,,OK
Unsharp,OpenMP,1080p,1,4,,,,479.016,12,OK
Unsharp,CUDA,1080p,1,4,1.20422,0.940928,1.00858,3.16112,,OK
HistEqual,Sequential,1080p,1,0,,,,114.157,,OK
HistEqual,OpenMP,1080p,1,0,,,,20.0955,12,OK
HistEqual,CUDA,1080p,1,0,0.620192,0.545952,0.409824,1.58272,,OK
HistEqual,Sequential,1080p,1,1,,,,107.493,,OK
HistEqual,OpenMP,1080p,1,1,,,,19.4174,12,OK
HistEqual,CUDA,1080p,1,1,0.45232,0.386176,0.391808,1.23597,,OK
HistEqual,Sequential,1080p,1,2,,,,111.961,,OK
HistEqual,OpenMP,1080p,1,2,,,,20.3272,12,OK
HistEqual,CUDA,1080p,1,2,0.461184,0.388128,0.38576,1.24259,,OK
HistEqual,Sequential,1080p,1,3,,,,112.674,,OK
HistEqual,OpenMP,1080p,1,3,,,,20.8659,12,OK
HistEqual,CUDA,1080p,1,3,0.543232,0.40336,0.459904,1.41379,,OK
HistEqual,Sequential,1080p,1,4,,,,112.643,,OK
HistEqual,OpenMP,1080p,1,4,,,,19.7667,12,OK
HistEqual,CUDA,1080p,1,4,0.601248,0.457088,0.387296,1.45277,,OK
Invert,Sequential,1080p,2,0,,,,121.55,,OK
Invert,OpenMP,1080p,2,0,,,,21.729,12,OK
Invert,CUDA,1080p,2,0,1.43488,0.702624,1.49296,3.63741,,OK
Invert,Sequential,1080p,2,1,,,,122.942,,OK
Invert,OpenMP,1080p,2,1,,,,21.3881,12,OK
Invert,CUDA,1080p,2,1,1.33798,0.463392,1.17466,2.98666,,OK
Invert,Sequential,1080p,2,2,,,,124.664,,OK
Invert,OpenMP,1080p,2,2,,,,25.0266,12,OK
Invert,CUDA,1080p,2,2,1.22099,0.363424,1.0111,2.60358,,OK
Invert,Sequential,1080p,2,3,,,,123.909,,OK
Invert,OpenMP,1080p,2,3,,,,22.0169,12,OK
Invert,CUDA,1080p,2,3,1.17542,0.348192,0.980352,2.51203,,OK
Invert,Sequential,1080p,2,4,,,,124.957,,OK
Invert,OpenMP,1080p,2,4,,,,22.4935,12,OK
Invert,CUDA,1080p,2,4,1.26346,0.710048,1.42592,3.40877,,OK
Gauss,Sequential,1080p,2,0,,,,2531.05,,OK
Gauss,OpenMP,1080p,2,0,,,,424.374,12,OK
Gauss,CUDA,1080p,2,0,1.13264,0.750688,2.93795,4.82925,,OK
Gauss,Sequential,1080p,2,1,,,,2517.47,,OK
Gauss,OpenMP,1080p,2,1,,,,422.101,12,OK
Gauss,CUDA,1080p,2,1,1.69789,0.808576,1.15533,3.67126,,OK
Gauss,Sequential,1080p,2,2,,,,2518.98,,OK
Gauss,OpenMP,1080p,2,2,,,,421.427,12,OK
Gauss,CUDA,1080p,2,2,1.14694,0.750496,1.05482,2.96022,,OK
Gauss,Sequential,1080p,2,3,,,,2525.38,,OK
Gauss,OpenMP,1080p,2,3,,,,424.66,12,OK
Gauss,CUDA,1080p,2,3,1.12672,0.752736,1.38525,3.27162,,OK
Gauss,Sequential,1080p,2,4,,,,2520.65,,OK
Gauss,OpenMP,1080p,2,4,,,,423.819,12,OK
Gauss,CUDA,1080p,2,4,1.22806,1.20157,3.20006,5.63827,,OK
Sobel,Sequential,1080p,2,0,,,,505.488,,OK
Sobel,OpenMP,1080p,2,0,,,,84.0288,12,OK
Sobel,CUDA,1080p,2,0,0.488544,0.23776,0.385024,1.11965,,OK
Sobel,Sequential,1080p,2,1,,,,511.18,,OK
Sobel,OpenMP,1080p,2,1,,,,82.9195,12,OK
Sobel,CUDA,1080p,2,1,0.529248,0.250816,0.529216,1.31747,,OK
Sobel,Sequential,1080p,2,2,,,,512.429,,OK
Sobel,OpenMP,1080p,2,2,,,,88.6588,12,OK
Sobel,CUDA,1080p,2,2,0.477696,0.234784,0.385472,1.10483,,OK
Sobel,Sequential,1080p,2,3,,,,506.685,,OK
Sobel,OpenMP,1080p,2,3,,,,84.5291,12,OK
Sobel,CUDA,1080p,2,3,0.588352,0.249568,0.458912,1.30499,,OK
Sobel,Sequential,1080p,2,4,,,,511.227,,OK
Sobel,OpenMP,1080p,2,4,,,,86.0718,12,OK
Sobel,CUDA,1080p,2,4,0.481984,0.238624,0.393504,1.12243,,OK
Unsharp,Sequential,1080p,2,0,,,,2861.9,,OK
Unsharp,OpenMP,1080p,2,0,,,,479.631,12,OK
Unsharp,CUDA,1080p,2,0,1.21414,0.936832,1.04109,3.19917,,OK
Unsharp,Sequential,1080p,2,1,,,,2857.79,,OK
Unsharp,OpenMP,1080p,2,1,,,,479.72,12,OK
Unsharp,CUDA,1080p,2,1,4.9449,0.918656,0.992992,6.86438,,OK
Unsharp,Sequential,1080p,2,2,,,,2860.64,,OK
Unsharp,OpenMP,1080p,2,2,,,,476.057,12,OK
Unsharp,CUDA,1080p,2,2,1.23494,0.926528,1.02867,3.19827,,OK
Unsharp,Sequential,1080p,2,3,,,,2862.82,,OK
Unsharp,OpenMP,1080p,2,3,,,,479.794,12,OK
Unsharp,CUDA,1080p,2,3,1.22605,0.935904,1.48947,3.65978,,OK
Unsharp,Sequential,1080p,2,4,,,,2858.61,,OK
Unsharp,OpenMP,1080p,2,4,,,,475.871,12,OK
Unsharp,CUDA,1080p,2,4,1.22976,0.923552,1.01936,3.18102,,OK
HistEqual,Sequential,1080p,2,0,,,,111.302,,OK
HistEqual,OpenMP,1080p,2,0,,,,20.073,12,OK
HistEqual,CUDA,1080p,2,0,0.574528,0.379392,0.442048,1.40317,,OK
HistEqual,Sequential,1080p,2,1,,,,113.157,,OK
HistEqual,OpenMP,1080p,2,1,,,,21.1168,12,OK
HistEqual,CUDA,1080p,2,1,0.54928,0.553824,0.387328,1.49872,,OK
HistEqual,Sequential,1080p,2,2,,,,113.171,,OK
HistEqual,OpenMP,1080p,2,2,,,,20.4535,12,OK
HistEqual,CUDA,1080p,2,2,0.464128,0.373248,0.386752,1.23091,,OK
HistEqual,Sequential,1080p,2,3,,,,110.071,,OK
HistEqual,OpenMP,1080p,2,3,,,,21.5382,12,OK
HistEqual,CUDA,1080p,2,3,0.462912,0.358912,0.379648,1.20845,,OK
HistEqual,Sequential,1080p,2,4,,,,112.225,,OK
HistEqual,OpenMP,1080p,2,4,,,,19.6928,12,OK
HistEqual,CUDA,1080p,2,4,0.536128,0.480256,0.37344,1.3968,,OK
Invert,Sequential,1080p,3,0,,,,124.757,,OK
Invert,OpenMP,1080p,3,0,,,,21.1165,12,OK
Invert,CUDA,1080p,3,0,1.10013,0.359616,0.996128,2.46378,,OK
Invert,Sequential,1080p,3,1,,,,125.739,,OK
Invert,OpenMP,1080p,3,1,,,,21.916,12,OK
Invert,CUDA,1080p,3,1,1.11546,0.372096,1.37267,2.86848,,OK
Invert,Sequential,1080p,3,2,,,,126.675,,OK
Invert,OpenMP,1080p,3,2,,,,21.1151,12,OK
Invert,CUDA,1080p,3,2,1.09456,0.356064,0.97152,2.43002,,OK
Invert,Sequential,1080p,3,3,,,,126.848,,OK
Invert,OpenMP,1080p,3,3,,,,24.7165,12,OK
Invert,CUDA,1080p,3,3,1.16349,0.34832,0.9896,2.50966,,OK
Invert,Sequential,1080p,3,4,,,,125.846,,OK
Invert,OpenMP,1080p,3,4,,,,21.1609,12,OK
Invert,CUDA,1080p,3,4,1.12614,0.3464,0.992256,2.47261,,OK
Gauss,Sequential,1080p,3,0,,,,2520.53,,OK
Gauss,OpenMP,1080p,3,0,,,,422.397,12,OK
Gauss,CUDA,1080p,3,0,1.13104,0.751008,1.00288,2.89184,,OK
Gauss,Sequential,1080p,3,1,,,,2516.62,,OK
Gauss,OpenMP,1080p,3,1,,,,421.245,12,OK
Gauss,CUDA,1080p,3,1,1.13603,0.7496,0.99552,2.88902,,OK
Gauss,Sequential,1080p,3,2,,,,2529.71,,OK
Gauss,OpenMP,1080p,3,2,,,,421.096,12,OK
Gauss,CUDA,1080p,3,2,1.12979,0.756672,1.0561,2.95075,,OK
Gauss,Sequential,1080p,3,3,,,,2519.37,,OK
Gauss,OpenMP,1080p,3,3,,,,422.464,12,OK
Gauss,CUDA,1080p,3,3,1.12246,0.746976,0.986432,2.86282,,OK
Gauss,Sequential,1080p,3,4,,,,2514.08,,OK
Gauss,OpenMP,1080p,3,4,,,,423.477,12,OK
Gauss,CUDA,1080p,3,4,1.20835,0.757088,0.993184,2.96586,,OK
Sobel,Sequential,1080p,3,0,,,,512.184,,OK
Sobel,OpenMP,1080p,3,0,,,,83.4528,12,OK
Sobel,CUDA,1080p,3,0,0.56304,0.274624,0.469312,1.3153,,OK
Sobel,Sequential,1080p,3,1,,,,508.242,,OK
Sobel,OpenMP,1080p,3,1,,,,83.4456,12,OK
Sobel,CUDA,1080p,3,1,0.472032,0.233536,0.3896,1.10192,,OK
Sobel,Sequential,1080p,3,2,,,,514.656,,OK
Sobel,OpenMP,1080p,3,2,,,,84.7845,12,OK
Sobel,CUDA,1080p,3,2,0.488544,0.2344,0.381248,1.1121,,OK
Sobel,Sequential,1080p,3,3,,,,512.785,,OK
Sobel,OpenMP,1080p,3,3,,,,84.9423,12,OK
Sobel,CUDA,1080p,3,3,0.54832,0.327904,0.371776,1.2561,,OK
Sobel,Sequential,1080p,3,4,,,,513.879,,OK
Sobel,OpenMP,1080p,3,4,,,,88.4465,12,OK
Sobel,CUDA,1080p,3,4,0.489728,0.23536,0.375872,1.10842,,OK
Unsharp,Sequential,1080p,3,0,,,,2861.43,,OK
Unsharp,OpenMP,1080p,3,0,,,,478.287,12,OK
Unsharp,CUDA,1080p,3,0,1.38973,0.95184,1.1248,3.47555,,OK
Unsharp,Sequential,1080p,3,1,,,,2861.34,,OK
Unsharp,OpenMP,1080p,3,1,,,,476.925,12,OK
Unsharp,CUDA,1080p,3,1,1.2033,0.947072,1.01875,3.17728,,OK
Unsharp,Sequential,1080p,3,2,,,,2862.05,,OK
Unsharp,OpenMP,1080p,3,2,,,,478.089,12,OK
Unsharp,CUDA,1080p,3,2,1.41386,0.94288,1.01094,3.37606,,OK
Unsharp,Sequential,1080p,3,3,,,,2862.25,,OK
Unsharp,OpenMP,1080p,3,3,,,,488.253,12,OK
Unsharp,CUDA,1080p,3,3,1.20861,0.937824,1.52742,3.68221,,OK
Unsharp,Sequential,1080p,3,4,,,,2866.76,,OK
Unsharp,OpenMP,1080p,3,4,,,,475.516,12,OK
Unsharp,CUDA,1080p,3,4,1.34346,1.37894,1.01405,3.74387,,OK
HistEqual,Sequential,1080p,3,0,,,,112.535,,OK
HistEqual,OpenMP,1080p,3,0,,,,19.4728,12,OK
HistEqual,CUDA,1080p,3,0,0.519264,0.389728,0.432064,1.34787,,OK
HistEqual,Sequential,1080p,3,1,,,,113.681,,OK
HistEqual,OpenMP,1080p,3,1,,,,21.1191,12,OK
HistEqual,CUDA,1080p,3,1,0.550112,0.44048,0.57424,1.57424,,OK
HistEqual,Sequential,1080p,3,2,,,,112.606,,OK
HistEqual,OpenMP,1080p,3,2,,,,20.5355,12,OK
HistEqual,CUDA,1080p,3,2,0.453344,0.380736,0.364896,1.20512,,OK
HistEqual,Sequential,1080p,3,3,,,,107.843,,OK
HistEqual,OpenMP,1080p,3,3,,,,21.5442,12,OK
HistEqual,CUDA,1080p,3,3,0.522208,0.39264,0.466336,1.39056,,OK
HistEqual,Sequential,1080p,3,4,,,,109.391,,OK
HistEqual,OpenMP,1080p,3,4,,,,19.189,12,OK
HistEqual,CUDA,1080p,3,4,0.467392,0.397248,0.431488,1.30246,,OK
Invert,Sequential,1080p,4,0,,,,124.417,,OK
Invert,OpenMP,1080p,4,0,,,,21.7738,12,OK
Invert,CUDA,1080p,4,0,1.14461,0.435584,1.00547,2.59251,,OK
Invert,Sequential,1080p,4,1,,,,125.37,,OK
Invert,OpenMP,1080p,4,1,,,,22.5676,12,OK
Invert,CUDA,1080p,4,1,1.12835,0.352928,0.977312,2.4663,,OK
Invert,Sequential,1080p,4,2,,,,125.54,,OK
Invert,OpenMP,1080p,4,2,,,,23.442,12,OK
Invert,CUDA,1080p,4,2,1.18698,0.38816,1.01174,2.59485,,OK
Invert,Sequential,1080p,4,3,,,,125.457,,OK
Invert,OpenMP,1080p,4,3,,,,21.4804,12,OK
Invert,CUDA,1080p,4,3,1.40682,0.6048,1.49626,3.51597,,OK
Invert,Sequential,1080p,4,4,,,,124.698,,OK
Invert,OpenMP,1080p,4,4,,,,21.5654,12,OK
Invert,CUDA,1080p,4,4,1.12048,0.352608,0.990272,2.47142,,OK
Gauss,Sequential,1080p,4,0,,,,2522.43,,OK
Gauss,OpenMP,1080p,4,0,,,,424.456,12,OK
Gauss,CUDA,1080p,4,0,1.14173,0.750464,0.982688,2.88262,,OK
Gauss,Sequential,1080p,4,1,,,,2521.06,,OK
Gauss,OpenMP,1080p,4,1,,,,423.104,12,OK
Gauss,CUDA,1080p,4,1,1.16861,0.75104,0.987104,2.91533,,OK
Gauss,Sequential,1080p,4,2,,,,2513.79,,OK
Gauss,OpenMP,1080p,4,2,,,,422.792,12,OK
Gauss,CUDA,1080p,4,2,1.18019,0.745664,0.975232,2.90822,,OK
Gauss,Sequential,1080p,4,3,,,,2513.23,,OK
Gauss,OpenMP,1080p,4,3,,,,419.235,12,OK
Gauss,CUDA,1080p,4,3,1.15082,0.753728,0.980352,2.89331,,OK
Gauss,Sequential,1080p,4,4,,,,2520.08,,OK
Gauss,OpenMP,1080p,4,4,,,,421.26,12,OK
Gauss,CUDA,1080p,4,4,1.1503,1.17814,1.67571,4.01104,,OK
Sobel,Sequential,1080p,4,0,,,,511.247,,OK
Sobel,OpenMP,1080p,4,0,,,,81.5595,12,OK
Sobel,CUDA,1080p,4,0,0.575936,0.344672,0.510432,1.43939,,OK
Sobel,Sequential,1080p,4,1,,,,508.492,,OK
Sobel,OpenMP,1080p,4,1,,,,83.0454,12,OK
Sobel,CUDA,1080p,4,1,0.690464,0.276,0.572352,1.54723,,OK
Sobel,Sequential,1080p,4,2,,,,515.184,,OK
Sobel,OpenMP,1080p,4,2,,,,83.0713,12,OK
Sobel,CUDA,1080p,4,2,0.527776,0.236416,0.382144,1.15418,,OK
Sobel,Sequential,1080p,4,3,,,,506.851,,OK
Sobel,OpenMP,1080p,4,3,,,,84.2647,12,OK
Sobel,CUDA,1080p,4,3,0.49872,0.242752,0.385408,1.13498,,OK
Sobel,Sequential,1080p,4,4,,,,509.923,,OK
Sobel,OpenMP,1080p,4,4,,,,83.6106,12,OK
Sobel,CUDA,1080p,4,4,0.495904,0.238816,0.39136,1.1343,,OK
Unsharp,Sequential,1080p,4,0,,,,2866.41,,OK
Unsharp,OpenMP,1080p,4,0,,,,476.168,12,OK
Unsharp,CUDA,1080p,4,0,1.21946,1.68595,1.09462,4.01366,,OK
Unsharp,Sequential,1080p,4,1,,,,2858.98,,OK
Unsharp,OpenMP,1080p,4,1,,,,478.181,12,OK
Unsharp,CUDA,1080p,4,1,1.27142,0.9288,1.2952,3.504,,OK
Unsharp,Sequential,1080p,4,2,,,,2875.32,,OK
Unsharp,OpenMP,1080p,4,2,,,,487.304,12,OK
Unsharp,CUDA,1080p,4,2,1.25677,0.961536,1.58874,3.81517,,OK
Unsharp,Sequential,1080p,4,3,,,,2872.13,,OK
Unsharp,OpenMP,1080p,4,3,,,,475.604,12,OK
Unsharp,CUDA,1080p,4,3,1.23571,0.97328,1.63757,3.85469,,OK
Unsharp,Sequential,1080p,4,4,,,,2857.2,,OK
Unsharp,OpenMP,1080p,4,4,,,,488.217,12,OK
Unsharp,CUDA,1080p,4,4,1.2297,0.940704,1.02275,3.20016,,OK
HistEqual,Sequential,1080p,4,0,,,,111.177,,OK
HistEqual,OpenMP,1080p,4,0,,,,19.1926,12,OK
HistEqual,CUDA,1080p,4,0,0.653408,0.433568,0.428768,1.52275,,OK
HistEqual,Sequential,1080p,4,1,,,,107.79,,OK
HistEqual,OpenMP,1080p,4,1,,,,20.7444,12,OK
HistEqual,CUDA,1080p,4,1,0.465152,0.393344,0.387968,1.25379,,OK
HistEqual,Sequential,1080p,4,2,,,,110.69,,OK
HistEqual,OpenMP,1080p,4,2,,,,19.8256,12,OK
HistEqual,CUDA,1080p,4,2,0.482496,0.37616,0.368416,1.23408,,OK
HistEqual,Sequential,1080p,4,3,,,,113.657,,OK
HistEqual,OpenMP,1080p,4,3,,,,22.0425,12,OK
HistEqual,CUDA,1080p,4,3,0.564864,0.389856,0.417696,1.37978,,OK
HistEqual,Sequential,1080p,4,4,,,,107.704,,OK
HistEqual,OpenMP,1080p,4,4,,,,19.6521,12,OK
HistEqual,CUDA,1080p,4,4,0.451424,0.357056,0.391008,1.2055,,OK
Invert,Sequential,1080p,5,0,,,,123.034,,OK
Invert,OpenMP,1080p,5,0,,,,23.431,12,OK
Invert,CUDA,1080p,5,0,1.10342,0.345184,0.985376,2.44128,,OK
Invert,Sequential,1080p,5,1,,,,123.953,,OK
Invert,OpenMP,1080p,5,1,,,,21.7157,12,OK
Invert,CUDA,1080p,5,1,1.13603,0.350688,1.05878,2.55338,,OK
Invert,Sequential,1080p,5,2,,,,124.658,,OK
Invert,OpenMP,1080p,5,2,,,,26.1021,12,OK
Invert,CUDA,1080p,5,2,1.14922,0.383616,1.62112,3.16195,,OK
Invert,Sequential,1080p,5,3,,,,123.429,,OK
Invert,OpenMP,1080p,5,3,,,,22.3087,12,OK
Invert,CUDA,1080p,5,3,1.1664,0.389632,1.00938,2.57226,,OK
Invert,Sequential,1080p,5,4,,,,126.379,,OK
Invert,OpenMP,1080p,5,4,,,,21.5327,12,OK
Invert,CUDA,1080p,5,4,1.26032,0.893664,1.5055,3.6673,,OK
Gauss,Sequential,1080p,5,0,,,,2522.36,,OK
Gauss,OpenMP,1080p,5,0,,,,418.064,12,OK
Gauss,CUDA,1080p,5,0,1.17434,1.18403,1.28637,3.65296,,OK
Gauss,Sequential,1080p,5,1,,,,2540.23,,OK
Gauss,OpenMP,1080p,5,1,,,,429.346,12,OK
Gauss,CUDA,1080p,5,1,1.12419,0.74736,0.982624,2.86106,,OK
Gauss,Sequential,1080p,5,2,,,,2533.99,,OK
Gauss,OpenMP,1080p,5,2,,,,427.11,12,OK
Gauss,CUDA,1080p,5,2,1.20522,0.75136,0.983744,2.94832,,OK
Gauss,Sequential,1080p,5,3,,,,2513.09,,OK
Gauss,OpenMP,1080p,5,3,,,,420.796,12,OK
Gauss,CUDA,1080p,5,3,1.15597,0.762112,0.98912,2.91408,,OK
Gauss,Sequential,1080p,5,4,,,,2509.39,,OK
Gauss,OpenMP,1080p,5,4,,,,418.727,12,OK
Gauss,CUDA,1080p,5,4,1.27152,0.754016,0.99024,3.02307,,OK
Sobel,Sequential,1080p,5,0,,,,516.251,,OK
Sobel,OpenMP,1080p,5,0,,,,84.9009,12,OK
Sobel,CUDA,1080p,5,0,0.47488,0.236736,0.3896,1.10915,,OK
Sobel,Sequential,1080p,5,1,,,,505.101,,OK
Sobel,OpenMP,1080p,5,1,,,,84.4657,12,OK
Sobel,CUDA,1080p,5,1,0.476544,0.238816,0.503552,1.22698,,OK
Sobel,Sequential,1080p,5,2,,,,510.031,,OK
Sobel,OpenMP,1080p,5,2,,,,82.291,12,OK
Sobel,CUDA,1080p,5,2,0.479328,0.247296,0.413728,1.14765,,OK
Sobel,Sequential,1080p,5,3,,,,513.183,,OK
Sobel,OpenMP,1080p,5,3,,,,84.0863,12,OK
Sobel,CUDA,1080p,5,3,0.563488,0.248704,0.39344,1.21331,,OK
Sobel,Sequential,1080p,5,4,,,,510.411,,OK
Sobel,OpenMP,1080p,5,4,,,,83.2146,12,OK
Sobel,CUDA,1080p,5,4,0.594752,0.322752,0.67552,1.608,,OK
Unsharp,Sequential,1080p,5,0,,,,2855.42,,OK
Unsharp,OpenMP,1080p,5,0,,,,480.847,12,OK
Unsharp,CUDA,1080p,5,0,1.43446,0.93808,1.01526,3.3959,,OK
Unsharp,Sequential,1080p,5,1,,,,2860.09,,OK
Unsharp,OpenMP,1080p,5,1,,,,487.712,12,OK
Unsharp,CUDA,1080p,5,1,1.30182,0.930816,0.989024,3.22909,,OK
Unsharp,Sequential,1080p,5,2,,,,2858.9,,OK
Unsharp,OpenMP,1080p,5,2,,,,479.496,12,OK
Unsharp,CUDA,1080p,5,2,1.24822,0.934784,0.996576,3.18771,,OK
Unsharp,Sequential,1080p,5,3,,,,2872.06,,OK
Unsharp,OpenMP,1080p,5,3,,,,479.744,12,OK
Unsharp,CUDA,1080p,5,3,1.45626,0.988448,1.10269,3.56026,,OK
Unsharp,Sequential,1080p,5,4,,,,2853.06,,OK
Unsharp,OpenMP,1080p,5,4,,,,475.553,12,OK
Unsharp,CUDA,1080p,5,4,1.18333,1.72112,1.07411,3.99126,,OK
HistEqual,Sequential,1080p,5,0,,,,114.54,,OK
HistEqual,OpenMP,1080p,5,0,,,,20.6985,12,OK
HistEqual,CUDA,1080p,5,0,0.485216,0.423296,0.690656,1.60662,,OK
HistEqual,Sequential,1080p,5,1,,,,111.838,,OK
HistEqual,OpenMP,1080p,5,1,,,,20.5514,12,OK
HistEqual,CUDA,1080p,5,1,0.578304,0.510848,0.546496,1.64477,,OK
HistEqual,Sequential,1080p,5,2,,,,112.193,,OK
HistEqual,OpenMP,1080p,5,2,,,,20.8178,12,OK
HistEqual,CUDA,1080p,5,2,0.56704,0.37456,0.393856,1.34243,,OK
HistEqual,Sequential,1080p,5,3,,,,112.771,,OK
HistEqual,OpenMP,1080p,5,3,,,,20.3867,12,OK
HistEqual,CUDA,1080p,5,3,0.503264,0.375936,0.366784,1.25296,,OK
HistEqual,Sequential,1080p,5,4,,,,108.363,,OK
HistEqual,OpenMP,1080p,5,4,,,,19.6227,12,OK
HistEqual,CUDA,1080p,5,4,0.466112,0.382304,0.381056,1.23677,,OK
Invert,Sequential,1080p,6,0,,,,125.152,,OK
Invert,OpenMP,1080p,6,0,,,,21.5763,12,OK
Invert,CUDA,1080p,6,0,1.11491,0.353984,0.989984,2.46669,,OK
Invert,Sequential,1080p,6,1,,,,124.263,,OK
Invert,OpenMP,1080p,6,1,,,,21.3712,12,OK
Invert,CUDA,1080p,6,1,1.13043,0.561184,1.38861,3.09933,,OK
Invert,Sequential,1080p,6,2,,,,125.57,,OK
Invert,OpenMP,1080p,6,2,,,,26.4753,12,OK
Invert,CUDA,1080p,6,2,1.1303,0.35072,1.01078,2.4999,,OK
Invert,Sequential,1080p,6,3,,,,124.31,,OK
Invert,OpenMP,1080p,6,3,,,,21.7267,12,OK
Invert,CUDA,1080p,6,3,1.06435,0.34576,0.982208,2.39968,,OK
Invert,Sequential,1080p,6,4,,,,125.384,,OK
Invert,OpenMP,1080p,6,4,,,,26.3498,12,OK
Invert,CUDA,1080p,6,4,1.13469,0.405472,1.61526,3.16358,,OK
Gauss,Sequential,1080p,6,0,,,,2519.98,,OK
Gauss,OpenMP,1080p,6,0,,,,417.221,12,OK
Gauss,CUDA,1080p,6,0,1.63581,0.780032,1.17725,3.60112,,OK
Gauss,Sequential,1080p,6,1,,,,2535.55,,OK
Gauss,OpenMP,1080p,6,1,,,,428.791,12,OK
Gauss,CUDA,1080p,6,1,1.13635,0.770528,1.54899,3.4639,,OK
Gauss,Sequential,1080p,6,2,,,,2516.74,,OK
Gauss,OpenMP,1080p,6,2,,,,428.438,12,OK
Gauss,CUDA,1080p,6,2,1.21437,0.751136,0.97904,2.95286,,OK
Gauss,Sequential,1080p,6,3,,,,2574.13,,OK
Gauss,OpenMP,1080p,6,3,,,,451.246,12,OK
Gauss,CUDA,1080p,6,3,1.54669,0.783936,1.21578,3.55446,,OK
Gauss,Sequential,1080p,6,4,,,,2544.69,,OK
Gauss,OpenMP,1080p,6,4,,,,432.975,12,OK
Gauss,CUDA,1080p,6,4,1.18755,0.758784,1.0439,2.99818,,OK
Sobel,Sequential,1080p,6,0,,,,507.047,,OK
Sobel,OpenMP,1080p,6,0,,,,83.7723,12,OK
Sobel,CUDA,1080p,6,0,0.72992,0.265952,0.4472,1.45114,,OK
Sobel,Sequential,1080p,6,1,,,,513.366,,OK
Sobel,OpenMP,1080p,6,1,,,,84.6141,12,OK
Sobel,CUDA,1080p,6,1,0.558816,0.2424,0.454624,1.26368,,OK
Sobel,Sequential,1080p,6,2,,,,519.19,,OK
Sobel,OpenMP,1080p,6,2,,,,86.0652,12,OK
Sobel,CUDA,1080p,6,2,0.471712,0.236128,0.385952,1.10141,,OK
Sobel,Sequential,1080p,6,3,,,,519.005,,OK
Sobel,OpenMP,1080p,6,3,,,,88.2594,12,OK
Sobel,CUDA,1080p,6,3,0.56816,0.332224,0.637056,1.54608,,OK
Sobel,Sequential,1080p,6,4,,,,515.032,,OK
Sobel,OpenMP,1080p,6,4,,,,85.1802,12,OK
Sobel,CUDA,1080p,6,4,0.559872,0.246208,0.44384,1.25789,,OK
Unsharp,Sequential,1080p,6,0,,,,2923.76,,OK
Unsharp,OpenMP,1080p,6,0,,,,504.622,12,OK
Unsharp,CUDA,1080p,6,0,1.29232,0.93552,1.11501,3.3511,,OK
Unsharp,Sequential,1080p,6,1,,,,2888.83,,OK
Unsharp,OpenMP,1080p,6,1,,,,503.98,12,OK
Unsharp,CUDA,1080p,6,1,1.40995,0.944832,1.05094,3.41395,,OK
Unsharp,Sequential,1080p,6,2,,,,2883.61,,OK
Unsharp,OpenMP,1080p,6,2,,,,481.775,12,OK
Unsharp,CUDA,1080p,6,2,1.4505,1.00035,1.06384,3.52288,,OK
Unsharp,Sequential,1080p,6,3,,,,3053.58,,OK
Unsharp,OpenMP,1080p,6,3,,,,480.042,12,OK
Unsharp,CUDA,1080p,6,3,1.27251,0.940608,1.21446,3.43494,,OK
Unsharp,Sequential,1080p,6,4,,,,3125.69,,OK
Unsharp,OpenMP,1080p,6,4,,,,482.464,12,OK
Unsharp,CUDA,1080p,6,4,1.12618,0.927776,1.00685,3.06912,,OK
HistEqual,Sequential,1080p,6,0,,,,118.687,,OK
HistEqual,OpenMP,1080p,6,0,,,,20.6047,12,OK
HistEqual,CUDA,1080p,6,0,0.498304,0.418752,0.436384,1.36045,,OK
HistEqual,Sequential,1080p,6,1,,,,108.256,,OK
HistEqual,OpenMP,1080p,6,1,,,,21.6612,12,OK
HistEqual,CUDA,1080p,6,1,0.466592,0.365568,0.408896,1.24838,,OK
HistEqual,Sequential,1080p,6,2,,,,114.702,,OK
HistEqual,OpenMP,1080p,6,2,,,,23.2478,12,OK
HistEqual,CUDA,1080p,6,2,0.489088,0.380864,0.407776,1.28387,,OK
HistEqual,Sequential,1080p,6,3,,,,110.648,,OK
HistEqual,OpenMP,1080p,6,3,,,,20.7414,12,OK
HistEqual,CUDA,1080p,6,3,0.48416,0.416512,0.42944,1.33722,,OK
HistEqual,Sequential,1080p,6,4,,,,110.558,,OK
HistEqual,OpenMP,1080p,6,4,,,,20.0745,12,OK
HistEqual,CUDA,1080p,6,4,0.552672,0.496992,0.52944,1.58672,,OK
Invert,Sequential,1080p,7,0,,,,127.725,,OK
Invert,OpenMP,1080p,7,0,,,,22.1769,12,OK
Invert,CUDA,1080p,7,0,1.20877,0.369216,1.13213,2.71811,,OK
Invert,Sequential,1080p,7,1,,,,128.98,,OK
Invert,OpenMP,1080p,7,1,,,,22.54,12,OK
Invert,CUDA,1080p,7,1,1.2025,0.49904,1.28608,2.99802,,OK
Invert,Sequential,1080p,7,2,,,,129.088,,OK
Invert,OpenMP,1080p,7,2,,,,22.1402,12,OK
Invert,CUDA,1080p,7,2,1.2072,0.373984,1.04477,2.63376,,OK
Invert,Sequential,1080p,7,3,,,,126.163,,OK
Invert,OpenMP,1080p,7,3,,,,22.7493,12,OK
Invert,CUDA,1080p,7,3,1.34365,0.39904,1.0929,2.8433,,OK
Invert,Sequential,1080p,7,4,,,,126.639,,OK
Invert,OpenMP,1080p,7,4,,,,22.1605,12,OK
Invert,CUDA,1080p,7,4,1.16714,0.367872,1.016,2.55882,,OK
Gauss,Sequential,1080p,7,0,,,,2707.01,,OK
Gauss,OpenMP,1080p,7,0,,,,423.712,12,OK
Gauss,CUDA,1080p,7,0,1.34861,0.801184,1.09904,3.25715,,OK
Gauss,Sequential,1080p,7,1,,,,2715.12,,OK
Gauss,OpenMP,1080p,7,1,,,,424.763,12,OK
Gauss,CUDA,1080p,7,1,1.19309,1.18035,1.45037,3.83168,,OK
Gauss,Sequential,1080p,7,2,,,,2571.87,,OK
Gauss,OpenMP,1080p,7,2,,,,423.384,12,OK
Gauss,CUDA,1080p,7,2,1.1968,0.75424,1.22566,3.18461,,OK
Gauss,Sequential,1080p,7,3,,,,2660.85,,OK
Gauss,OpenMP,1080p,7,3,,,,453.402,12,OK
Gauss,CUDA,1080p,7,3,1.1919,0.758304,1.49997,3.4585,,OK
Gauss,Sequential,1080p,7,4,,,,2712.52,,OK
Gauss,OpenMP,1080p,7,4,,,,433.022,12,OK
Gauss,CUDA,1080p,7,4,1.20218,0.784448,1.14672,3.14006,,OK
Sobel,Sequential,1080p,7,0,,,,542.175,,OK
Sobel,OpenMP,1080p,7,0,,,,86.019,12,OK
Sobel,CUDA,1080p,7,0,0.523904,0.258144,0.43696,1.22662,,OK
Sobel,Sequential,1080p,7,1,,,,564.86,,OK
Sobel,OpenMP,1080p,7,1,,,,85.5068,12,OK
Sobel,CUDA,1080p,7,1,0.616928,0.27152,0.509632,1.4063,,OK
Sobel,Sequential,1080p,7,2,,,,527.716,,OK
Sobel,OpenMP,1080p,7,2,,,,84.2218,12,OK
Sobel,CUDA,1080p,7,2,0.612,0.284384,0.497536,1.40198,,OK
Sobel,Sequential,1080p,7,3,,,,565.641,,OK
Sobel,OpenMP,1080p,7,3,,,,84.1544,12,OK
Sobel,CUDA,1080p,7,3,0.6672,0.433984,0.464512,1.57376,,OK
Sobel,Sequential,1080p,7,4,,,,543.156,,OK
Sobel,OpenMP,1080p,7,4,,,,87.4458,12,OK
Sobel,CUDA,1080p,7,4,0.506752,0.279168,0.436736,1.2295,,OK
Unsharp,Sequential,1080p,7,0,,,,3073,,OK
Unsharp,OpenMP,1080p,7,0,,,,481.671,12,OK
Unsharp,CUDA,1080p,7,0,1.24038,0.933248,1.1065,3.28822,,OK
Unsharp,Sequential,1080p,7,1,,,,2967.82,,OK
Unsharp,OpenMP,1080p,7,1,,,,477.963,12,OK
Unsharp,CUDA,1080p,7,1,1.28554,0.934656,1.09504,3.32381,,OK
Unsharp,Sequential,1080p,7,2,,,,3034.93,,OK
Unsharp,OpenMP,1080p,7,2,,,,481.812,12,OK
Unsharp,CUDA,1080p,7,2,1.38733,0.93744,1.2025,3.53629,,OK
Unsharp,Sequential,1080p,7,3,,,,2944.7,,OK
Unsharp,OpenMP,1080p,7,3,,,,487.147,12,OK
Unsharp,CUDA,1080p,7,3,1.21718,0.943168,1.0641,3.23242,,OK
Unsharp,Sequential,1080p,7,4,,,,3105.04,,OK
Unsharp,OpenMP,1080p,7,4,,,,486.985,12,OK
Unsharp,CUDA,1080p,7,4,1.30474,1.37322,1.09702,3.78269,,OK
HistEqual,Sequential,1080p,7,0,,,,111.591,,OK
HistEqual,OpenMP,1080p,7,0,,,,20.6776,12,OK
HistEqual,CUDA,1080p,7,0,0.540288,0.513728,0.658752,1.72022,,OK
HistEqual,Sequential,1080p,7,1,,,,116.752,,OK
HistEqual,OpenMP,1080p,7,1,,,,20.6563,12,OK
HistEqual,CUDA,1080p,7,1,0.478432,0.428192,0.44624,1.36029,,OK
HistEqual,Sequential,1080p,7,2,,,,114.604,,OK
HistEqual,OpenMP,1080p,7,2,,,,22.5565,12,OK
HistEqual,CUDA,1080p,7,2,0.459648,0.390816,0.413408,1.27104,,OK
HistEqual,Sequential,1080p,7,3,,,,111.291,,OK
HistEqual,OpenMP,1080p,7,3,,,,20.6715,12,OK
HistEqual,CUDA,1080p,7,3,0.519712,0.424704,0.412928,1.36358,,OK
HistEqual,Sequential,1080p,7,4,,,,110.492,,OK
HistEqual,OpenMP,1080p,7,4,,,,21.2622,12,OK
HistEqual,CUDA,1080p,7,4,0.720736,0.593632,0.512608,1.83514,,OK
Invert,Sequential,1080p,8,0,,,,129.763,,OK
Invert,OpenMP,1080p,8,0,,,,22.4647,12,OK
Invert,CUDA,1080p,8,0,1.15395,0.36176,1.03654,2.55994,,OK
Invert,Sequential,1080p,8,1,,,,126.055,,OK
Invert,OpenMP,1080p,8,1,,,,25.0141,12,OK
Invert,CUDA,1080p,8,1,1.20122,0.356224,0.99408,2.55853,,OK
Invert,Sequential,1080p,8,2,,,,122.956,,OK
Invert,OpenMP,1080p,8,2,,,,21.7816,12,OK
Invert,CUDA,1080p,8,2,1.21936,0.373792,1.07866,2.6793,,OK
Invert,Sequential,1080p,8,3,,,,124.32,,OK
Invert,OpenMP,1080p,8,3,,,,23.0558,12,OK
Invert,CUDA,1080p,8,3,1.25066,0.362784,1.04387,2.66502,,OK
Invert,Sequential,1080p,8,4,,,,123.378,,OK
Invert,OpenMP,1080p,8,4,,,,21.1601,12,OK
Invert,CUDA,1080p,8,4,1.33418,0.414016,1.69322,3.44963,,OK
Gauss,Sequential,1080p,8,0,,,,2708.56,,OK
Gauss,OpenMP,1080p,8,0,,,,430.623,12,OK
Gauss,CUDA,1080p,8,0,1.17827,0.75248,1.52989,3.46886,,OK
Gauss,Sequential,1080p,8,1,,,,2740.4,,OK
Gauss,OpenMP,1080p,8,1,,,,424.705,12,OK
Gauss,CUDA,1080p,8,1,1.30362,0.774912,1.08899,3.17571,,OK
Gauss,Sequential,1080p,8,2,,,,2565.82,,OK
Gauss,OpenMP,1080p,8,2,,,,425.366,12,OK
Gauss,CUDA,1080p,8,2,1.12205,0.755424,1.02813,2.91376,,OK
Gauss,Sequential,1080p,8,3,,,,2606.76,,OK
Gauss,OpenMP,1080p,8,3,,,,424.29,12,OK
Gauss,CUDA,1080p,8,3,1.24883,0.854368,1.10416,3.21507,,OK
Gauss,Sequential,1080p,8,4,,,,2573.95,,OK
Gauss,OpenMP,1080p,8,4,,,,424.479,12,OK
Gauss,CUDA,1080p,8,4,1.4097,0.767808,1.05248,3.23766,,OK
Sobel,Sequential,1080p,8,0,,,,538.769,,OK
Sobel,OpenMP,1080p,8,0,,,,85.6886,12,OK
Sobel,CUDA,1080p,8,0,0.581696,0.270912,0.467392,1.3296,,OK
Sobel,Sequential,1080p,8,1,,,,526.041,,OK
Sobel,OpenMP,1080p,8,1,,,,85.058,12,OK
Sobel,CUDA,1080p,8,1,0.580032,0.267552,0.49216,1.34816,,OK
Sobel,Sequential,1080p,8,2,,,,513.25,,OK
Sobel,OpenMP,1080p,8,2,,,,85.7071,12,OK
Sobel,CUDA,1080p,8,2,0.65472,0.250944,0.429472,1.34234,,OK
Sobel,Sequential,1080p,8,3,,,,529.015,,OK
Sobel,OpenMP,1080p,8,3,,,,84.1604,12,OK
Sobel,CUDA,1080p,8,3,0.661664,0.254272,0.563168,1.48723,,OK
Sobel,Sequential,1080p,8,4,,,,529.874,,OK
Sobel,OpenMP,1080p,8,4,,,,84.5301,12,OK
Sobel,CUDA,1080p,8,4,0.581376,0.289824,0.474656,1.35443,,OK
Unsharp,Sequential,1080p,8,0,,,,2889,,OK
Unsharp,OpenMP,1080p,8,0,,,,485.294,12,OK
Unsharp,CUDA,1080p,8,0,1.29098,0.940768,1.16227,3.40224,,OK
Unsharp,Sequential,1080p,8,1,,,,2877.69,,OK
Unsharp,OpenMP,1080p,8,1,,,,504.518,12,OK
Unsharp,CUDA,1080p,8,1,1.25619,1.94371,1.11878,4.32659,,OK
Unsharp,Sequential,1080p,8,2,,,,2876.23,,OK
Unsharp,OpenMP,1080p,8,2,,,,479.551,12,OK
Unsharp,CUDA,1080p,8,2,1.2879,0.940832,1.05014,3.2871,,OK
Unsharp,Sequential,1080p,8,3,,,,2868.08,,OK
Unsharp,OpenMP,1080p,8,3,,,,482.961,12,OK
Unsharp,CUDA,1080p,8,3,1.24883,1.72819,1.01693,4.00173,,OK
Unsharp,Sequential,1080p,8,4,,,,2879.51,,OK
Unsharp,OpenMP,1080p,8,4,,,,489.734,12,OK
Unsharp,CUDA,1080p,8,4,1.21107,0.932224,0.991872,3.14304,,OK
HistEqual,Sequential,1080p,8,0,,,,113.877,,OK
HistEqual,OpenMP,1080p,8,0,,,,20.5862,12,OK
HistEqual,CUDA,1080p,8,0,0.460736,0.390816,0.405664,1.26435,,OK
HistEqual,Sequential,1080p,8,1,,,,107.316,,OK
HistEqual,OpenMP,1080p,8,1,,,,19.7319,12,OK
HistEqual,CUDA,1080p,8,1,0.461472,0.388832,0.41712,1.27478,,OK
HistEqual,Sequential,1080p,8,2,,,,111.53,,OK
HistEqual,OpenMP,1080p,8,2,,,,20.0523,12,OK
HistEqual,CUDA,1080p,8,2,0.4696,0.419648,0.53072,1.42842,,OK
HistEqual,Sequential,1080p,8,3,,,,113.236,,OK
HistEqual,OpenMP,1080p,8,3,,,,20.1635,12,OK
HistEqual,CUDA,1080p,8,3,0.454496,0.38368,0.434272,1.28048,,OK
HistEqual,Sequential,1080p,8,4,,,,109.417,,OK
HistEqual,OpenMP,1080p,8,4,,,,19.6851,12,OK
HistEqual,CUDA,1080p,8,4,0.458656,0.4112,0.520512,1.39766,,OK
Invert,Sequential,1080p,9,0,,,,121.855,,OK
Invert,OpenMP,1080p,9,0,,,,21.9903,12,OK
Invert,CUDA,1080p,9,0,1.38602,0.359712,1.4783,3.23126,,OK
Invert,Sequential,1080p,9,1,,,,123.569,,OK
Invert,OpenMP,1080p,9,1,,,,21.2113,12,OK
Invert,CUDA,1080p,9,1,1.19456,0.437024,1.08794,2.72848,,OK
Invert,Sequential,1080p,9,2,,,,125.212,,OK
Invert,OpenMP,1080p,9,2,,,,21.667,12,OK
Invert,CUDA,1080p,9,2,1.09782,0.35456,1.01034,2.47046,,OK
Invert,Sequential,1080p,9,3,,,,125.333,,OK
Invert,OpenMP,1080p,9,3,,,,21.4298,12,OK
Invert,CUDA,1080p,9,3,1.12307,0.359552,1.41283,2.90355,,OK
Invert,Sequential,1080p,9,4,,,,126.206,,OK
Invert,OpenMP,1080p,9,4,,,,22.8624,12,OK
Invert,CUDA,1080p,9,4,1.11738,0.346976,1.0033,2.47568,,OK
Gauss,Sequential,1080p,9,0,,,,2522.6,,OK
Gauss,OpenMP,1080p,9,0,,,,420.929,12,OK
Gauss,CUDA,1080p,9,0,1.25254,0.821408,1.1127,3.19565,,OK
Gauss,Sequential,1080p,9,1,,,,2532.35,,OK
Gauss,OpenMP,1080p,9,1,,,,422.414,12,OK
Gauss,CUDA,1080p,9,1,1.21203,0.810496,1.01363,3.04416,,OK
Gauss,Sequential,1080p,9,2,,,,2520.24,,OK
Gauss,OpenMP,1080p,9,2,,,,423.663,12,OK
Gauss,CUDA,1080p,9,2,1.44432,0.751072,1.00848,3.21197,,OK
Gauss,Sequential,1080p,9,3,,,,2523.44,,OK
Gauss,OpenMP,1080p,9,3,,,,418.383,12,OK
Gauss,CUDA,1080p,9,3,1.43818,1.80506,1.15942,4.4113,,OK
Gauss,Sequential,1080p,9,4,,,,2522.81,,OK
Gauss,OpenMP,1080p,9,4,,,,422.414,12,OK
Gauss,CUDA,1080p,9,4,1.14141,0.751168,1.01603,2.91667,,OK
Sobel,Sequential,1080p,9,0,,,,514.418,,OK
Sobel,OpenMP,1080p,9,0,,,,85.4633,12,OK
Sobel,CUDA,1080p,9,0,0.602528,0.252352,0.425216,1.28819,,OK
Sobel,Sequential,1080p,9,1,,,,509.607,,OK
Sobel,OpenMP,1080p,9,1,,,,83.189,12,OK
Sobel,CUDA,1080p,9,1,0.542816,0.265568,0.502688,1.32013,,OK
Sobel,Sequential,1080p,9,2,,,,507.003,,OK
Sobel,OpenMP,1080p,9,2,,,,86.9015,12,OK
Sobel,CUDA,1080p,9,2,0.521696,0.248032,0.50224,1.28022,,OK
Sobel,Sequential,1080p,9,3,,,,508.479,,OK
Sobel,OpenMP,1080p,9,3,,,,82.9555,12,OK
Sobel,CUDA,1080p,9,3,0.468672,0.244064,0.450688,1.17142,,OK
Sobel,Sequential,1080p,9,4,,,,510.786,,OK
Sobel,OpenMP,1080p,9,4,,,,86.9283,12,OK
Sobel,CUDA,1080p,9,4,0.559488,0.238752,0.455936,1.26208,,OK
Unsharp,Sequential,1080p,9,0,,,,2858.96,,OK
Unsharp,OpenMP,1080p,9,0,,,,478.621,12,OK
Unsharp,CUDA,1080p,9,0,1.32666,0.932224,1.02797,3.29498,,OK
Unsharp,Sequential,1080p,9,1,,,,2860.39,,OK
Unsharp,OpenMP,1080p,9,1,,,,475.174,12,OK
Unsharp,CUDA,1080p,9,1,1.23517,0.929312,1.0297,3.20237,,OK
Unsharp,Sequential,1080p,9,2,,,,2859.31,,OK
Unsharp,OpenMP,1080p,9,2,,,,486.354,12,OK
Unsharp,CUDA,1080p,9,2,1.31686,1.38867,1.03693,3.75078,,OK
Unsharp,Sequential,1080p,9,3,,,,2863.24,,OK
Unsharp,OpenMP,1080p,9,3,,,,485.13,12,OK
Unsharp,CUDA,1080p,9,3,1.32387,0.93024,1.01997,3.28243,,OK
Unsharp,Sequential,1080p,9,4,,,,2856.95,,OK
Unsharp,OpenMP,1080p,9,4,,,,480.536,12,OK
Unsharp,CUDA,1080p,9,4,1.21542,0.93408,1.00237,3.15898,,OK
HistEqual,Sequential,1080p,9,0,,,,109.389,,OK
HistEqual,OpenMP,1080p,9,0,,,,19.7013,12,OK
HistEqual,CUDA,1080p,9,0,0.507616,0.449376,0.422368,1.3864,,OK
HistEqual,Sequential,1080p,9,1,,,,111.061,,OK
HistEqual,OpenMP,1080p,9,1,,,,19.3694,12,OK
HistEqual,CUDA,1080p,9,1,0.452832,0.354752,0.39056,1.20502,,OK
HistEqual,Sequential,1080p,9,2,,,,107.363,,OK
HistEqual,OpenMP,1080p,9,2,,,,20.2362,12,OK
HistEqual,CUDA,1080p,9,2,0.471232,0.397696,0.38896,1.26397,,OK
HistEqual,Sequential,1080p,9,3,,,,111.025,,OK
HistEqual,OpenMP,1080p,9,3,,,,20.1791,12,OK
HistEqual,CUDA,1080p,9,3,0.462432,0.437088,0.489824,1.39741,,OK
HistEqual,Sequential,1080p,9,4,,,,111.37,,OK
HistEqual,OpenMP,1080p,9,4,,,,20.0966,12,OK
HistEqual,CUDA,1080p,9,4,0.527808,0.385984,0.467968,1.38909,,OK
Invert,Sequential,1440p,0,0,,,,153.754,,OK
Invert,OpenMP,1440p,0,0,,,,37.1508,12,OK
Invert,CUDA,1440p,0,0,2.14672,0.576736,1.71885,4.44928,,OK
Invert,Sequential,1440p,0,1,,,,190.115,,OK
Invert,OpenMP,1440p,0,1,,,,37.959,12,OK
Invert,CUDA,1440p,0,1,2.20362,0.993952,2.38845,5.60618,,OK
Invert,Sequential,1440p,0,2,,,,187.103,,OK
Invert,OpenMP,1440p,0,2,,,,36.9629,12,OK
Invert,CUDA,1440p,0,2,2.08237,0.502176,2.05472,4.64723,,OK
Invert,Sequential,1440p,0,3,,,,191.256,,OK
Invert,OpenMP,1440p,0,3,,,,37.2712,12,OK
Invert,CUDA,1440p,0,3,2.02221,0.50816,1.89469,4.43302,,OK
Invert,Sequential,1440p,0,4,,,,187.761,,OK
Invert,OpenMP,1440p,0,4,,,,37.4626,12,OK
Invert,CUDA,1440p,0,4,2.03933,0.576704,2.70733,5.33139,,OK
Gauss,Sequential,1440p,0,0,,,,4452.87,,OK
Gauss,OpenMP,1440p,0,0,,,,750.669,12,OK
Gauss,CUDA,1440p,0,0,1.84883,1.20778,1.75738,4.82243,,OK
Gauss,Sequential,1440p,0,1,,,,4438.45,,OK
Gauss,OpenMP,1440p,0,1,,,,742.611,12,OK
Gauss,CUDA,1440p,0,1,1.84925,1.212,2.23984,5.30915,,OK
Gauss,Sequential,1440p,0,2,,,,4451.34,,OK
Gauss,OpenMP,1440p,0,2,,,,742.188,12,OK
Gauss,CUDA,1440p,0,2,1.97821,2.01962,2.01958,6.0312,,OK
Gauss,Sequential,1440p,0,3,,,,4445.12,,OK
Gauss,OpenMP,1440p,0,3,,,,740.377,12,OK
Gauss,CUDA,1440p,0,3,1.84173,1.63853,2.4217,5.90966,,OK
Gauss,Sequential,1440p,0,4,,,,4439.87,,OK
Gauss,OpenMP,1440p,0,4,,,,740.27,12,OK
Gauss,CUDA,1440p,0,4,1.85491,2.38038,1.76298,6.00598,,OK
Sobel,Sequential,1440p,0,0,,,,886.427,,OK
Sobel,OpenMP,1440p,0,0,,,,150.323,12,OK
Sobel,CUDA,1440p,0,0,0.731616,0.299392,0.660576,1.69878,,OK
Sobel,Sequential,1440p,0,1,,,,874.644,,OK
Sobel,OpenMP,1440p,0,1,,,,145.296,12,OK
Sobel,CUDA,1440p,0,1,0.858624,0.332704,0.77552,1.97485,,OK
Sobel,Sequential,1440p,0,2,,,,877.716,,OK
Sobel,OpenMP,1440p,0,2,,,,151.988,12,OK
Sobel,CUDA,1440p,0,2,0.724704,0.310752,0.700288,1.74275,,OK
Sobel,Sequential,1440p,0,3,,,,874.95,,OK
Sobel,OpenMP,1440p,0,3,,,,149.844,12,OK
Sobel,CUDA,1440p,0,3,0.842016,0.30272,0.671072,1.82381,,OK
Sobel,Sequential,1440p,0,4,,,,875.812,,OK
Sobel,OpenMP,1440p,0,4,,,,148.125,12,OK
Sobel,CUDA,1440p,0,4,0.768352,0.306944,0.761248,1.84394,,OK
Unsharp,Sequential,1440p,0,0,,,,5055.05,,OK
Unsharp,OpenMP,1440p,0,0,,,,851.703,12,OK
Unsharp,CUDA,1440p,0,0,2.18352,1.60982,1.76234,5.56403,,OK
Unsharp,Sequential,1440p,0,1,,,,5042.65,,OK
Unsharp,OpenMP,1440p,0,1,,,,842.706,12,OK
Unsharp,CUDA,1440p,0,1,2.26022,3.53254,1.7951,7.5967,,OK
Unsharp,Sequential,1440p,0,2,,,,5048.61,,OK
Unsharp,OpenMP,1440p,0,2,,,,854.827,12,OK
Unsharp,CUDA,1440p,0,2,2.15219,2.69456,1.73555,6.58982,,OK
Unsharp,Sequential,1440p,0,3,,,,5058.86,,OK
Unsharp,OpenMP,1440p,0,3,,,,840.249,12,OK
Unsharp,CUDA,1440p,0,3,2.25616,2.59469,1.75037,6.60925,,OK
Unsharp,Sequential,1440p,0,4,,,,5047.17,,OK
Unsharp,OpenMP,1440p,0,4,,,,840.489,12,OK
Unsharp,CUDA,1440p,0,4,1.97469,1.52416,2.82317,6.32954,,OK
HistEqual,Sequential,1440p,0,0,,,,171.117,,OK
HistEqual,OpenMP,1440p,0,0,,,,34.5562,12,OK
HistEqual,CUDA,1440p,0,0,0.757312,0.53136,0.654336,1.95024,,OK
HistEqual,Sequential,1440p,0,1,,,,168.201,,OK
HistEqual,OpenMP,1440p,0,1,,,,36.3582,12,OK
HistEqual,CUDA,1440p,0,1,0.738752,0.529344,0.831776,2.10742,,OK
HistEqual,Sequential,1440p,0,2,,,,165.791,,OK
HistEqual,OpenMP,1440p,0,2,,,,33.8367,12,OK
HistEqual,CUDA,1440p,0,2,0.826688,0.528224,0.674784,2.03725,,OK
HistEqual,Sequential,1440p,0,3,,,,168.181,,OK
HistEqual,OpenMP,1440p,0,3,,,,35.1716,12,OK
HistEqual,CUDA,1440p,0,3,0.825184,0.551968,0.650976,2.03491,,OK
HistEqual,Sequential,1440p,0,4,,,,164.874,,OK
HistEqual,OpenMP,1440p,0,4,,,,33.8517,12,OK
HistEqual,CUDA,1440p,0,4,0.775968,0.52016,0.654304,1.95738,,OK
Invert,Sequential,1440p,1,0,,,,182.731,,OK
Invert,OpenMP,1440p,1,0,,,,37.7303,12,OK
Invert,CUDA,1440p,1,0,2.01539,0.58656,1.75293,4.36378,,OK
Invert,Sequential,1440p,1,1,,,,190.718,,OK
Invert,OpenMP,1440p,1,1,,,,45.7933,12,OK
Invert,CUDA,1440p,1,1,1.91034,0.577664,1.84253,4.33846,,OK
Invert,Sequential,1440p,1,2,,,,182.88,,OK
Invert,OpenMP,1440p,1,2,,,,41.1308,12,OK
Invert,CUDA,1440p,1,2,1.90195,0.983264,2.39184,5.28502,,OK
Invert,Sequential,1440p,1,3,,,,188.198,,OK
Invert,OpenMP,1440p,1,3,,,,42.0372,12,OK
Invert,CUDA,1440p,1,3,2.05392,0.468928,1.70659,4.23808,,OK
Invert,Sequential,1440p,1,4,,,,190.501,,OK
Invert,OpenMP,1440p,1,4,,,,44.7808,12,OK
Invert,CUDA,1440p,1,4,2.16771,1.07635,2.01133,5.2632,,OK
Gauss,Sequential,1440p,1,0,,,,4450.44,,OK
Gauss,OpenMP,1440p,1,0,,,,742.533,12,OK
Gauss,CUDA,1440p,1,0,2.24582,1.22662,1.74192,5.22234,,OK
Gauss,Sequential,1440p,1,1,,,,4444.23,,OK
Gauss,OpenMP,1440p,1,1,,,,744.421,12,OK
Gauss,CUDA,1440p,1,1,1.88074,1.20368,2.23504,5.32739,,OK
Gauss,Sequential,1440p,1,2,,,,4444.78,,OK
Gauss,OpenMP,1440p,1,2,,,,742.553,12,OK
Gauss,CUDA,1440p,1,2,1.83939,1.63619,2.15146,5.63498,,OK
Gauss,Sequential,1440p,1,3,,,,4435.39,,OK
Gauss,OpenMP,1440p,1,3,,,,738.598,12,OK
Gauss,CUDA,1440p,1,3,2.91158,1.26746,2.03126,6.22045,,OK
Gauss,Sequential,1440p,1,4,,,,4441.34,,OK
Gauss,OpenMP,1440p,1,4,,,,752.033,12,OK
Gauss,CUDA,1440p,1,4,1.9079,1.21696,1.7359,4.86902,,OK
Sobel,Sequential,1440p,1,0,,,,874.382,,OK
Sobel,OpenMP,1440p,1,0,,,,147.644,12,OK
Sobel,CUDA,1440p,1,0,0.74736,0.302496,0.639392,1.69763,,OK
Sobel,Sequential,1440p,1,1,,,,871.775,,OK
Sobel,OpenMP,1440p,1,1,,,,154.231,12,OK
Sobel,CUDA,1440p,1,1,0.738144,0.298624,0.659552,1.7033,,OK
Sobel,Sequential,1440p,1,2,,,,873.677,,OK
Sobel,OpenMP,1440p,1,2,,,,148.495,12,OK
Sobel,CUDA,1440p,1,2,0.76624,0.304576,0.658944,1.73696,,OK
Sobel,Sequential,1440p,1,3,,,,875.804,,OK
Sobel,OpenMP,1440p,1,3,,,,151.762,12,OK
Sobel,CUDA,1440p,1,3,0.88256,0.308672,0.790944,1.99152,,OK
Sobel,Sequential,1440p,1,4,,,,877.569,,OK
Sobel,OpenMP,1440p,1,4,,,,153.46,12,OK
Sobel,CUDA,1440p,1,4,0.785248,0.30144,0.67744,1.77238,,OK
Unsharp,Sequential,1440p,1,0,,,,5049.87,,OK
Unsharp,OpenMP,1440p,1,0,,,,838.968,12,OK
Unsharp,CUDA,1440p,1,0,2.07088,1.52672,1.74845,5.35405,,OK
Unsharp,Sequential,1440p,1,1,,,,5041.1,,OK
Unsharp,OpenMP,1440p,1,1,,,,842.95,12,OK
Unsharp,CUDA,1440p,1,1,2.03747,3.78454,1.71706,7.54688,,OK
Unsharp,Sequential,1440p,1,2,,,,5048.95,,OK
Unsharp,OpenMP,1440p,1,2,,,,842.615,12,OK
Unsharp,CUDA,1440p,1,2,2.344,1.53094,1.70634,5.58813,,OK
Unsharp,Sequential,1440p,1,3,,,,5067.38,,OK
Unsharp,OpenMP,1440p,1,3,,,,837.461,12,OK
Unsharp,CUDA,1440p,1,3,2.65603,1.5297,1.73795,5.9321,,OK
Unsharp,Sequential,1440p,1,4,,,,5047.91,,OK
Unsharp,OpenMP,1440p,1,4,,,,843.182,12,OK
Unsharp,CUDA,1440p,1,4,2.26896,1.52995,1.82205,5.62918,,OK
HistEqual,Sequential,1440p,1,0,,,,172.601,,OK
HistEqual,OpenMP,1440p,1,0,,,,33.4753,12,OK
HistEqual,CUDA,1440p,1,0,0.768128,0.532736,0.660448,1.96864,,OK
HistEqual,Sequential,1440p,1,1,,,,167.701,,OK
HistEqual,OpenMP,1440p,1,1,,,,33.3583,12,OK
HistEqual,CUDA,1440p,1,1,0.729728,0.521984,0.648,1.90707,,OK
HistEqual,Sequential,1440p,1,2,,,,170.618,,OK
HistEqual,OpenMP,1440p,1,2,,,,36.8973,12,OK
HistEqual,CUDA,1440p,1,2,0.722656,0.522912,0.665664,1.91856,,OK
HistEqual,Sequential,1440p,1,3,,,,165.851,,OK
HistEqual,OpenMP,1440p,1,3,,,,33.6682,12,OK
HistEqual,CUDA,1440p,1,3,0.872448,0.620832,0.705344,2.20608,,OK
HistEqual,Sequential,1440p,1,4,,,,167.413,,OK
HistEqual,OpenMP,1440p,1,4,,,,33.3208,12,OK
HistEqual,CUDA,1440p,1,4,0.77488,0.595616,0.689664,2.06854,,OK
Invert,Sequential,1440p,2,0,,,,183.909,,OK
Invert,OpenMP,1440p,2,0,,,,37.9578,12,OK
Invert,CUDA,1440p,2,0,1.9617,0.465408,1.74371,4.17891,,OK
Invert,Sequential,1440p,2,1,,,,190.376,,OK
Invert,OpenMP,1440p,2,1,,,,37.832,12,OK
Invert,CUDA,1440p,2,1,2.06288,0.767136,1.87942,4.71738,,OK
Invert,Sequential,1440p,2,2,,,,193.592,,OK
Invert,OpenMP,1440p,2,2,,,,37.2537,12,OK
Invert,CUDA,1440p,2,2,2.03987,0.524032,1.84362,4.41571,,OK
Invert,Sequential,1440p,2,3,,,,189.515,,OK
Invert,OpenMP,1440p,2,3,,,,38.2224,12,OK
Invert,CUDA,1440p,2,3,1.88678,0.759648,2.14525,4.79984,,OK
Invert,Sequential,1440p,2,4,,,,192.183,,OK
Invert,OpenMP,1440p,2,4,,,,36.8942,12,OK
Invert,CUDA,1440p,2,4,1.8521,0.464672,2.34269,4.6673,,OK
Gauss,Sequential,1440p,2,0,,,,4452.35,,OK
Gauss,OpenMP,1440p,2,0,,,,742.593,12,OK
Gauss,CUDA,1440p,2,0,1.91552,2.36381,1.75117,6.03709,,OK
Gauss,Sequential,1440p,2,1,,,,4454.66,,OK
Gauss,OpenMP,1440p,2,1,,,,746.185,12,OK
Gauss,CUDA,1440p,2,1,1.91357,1.21136,1.73293,4.86509,,OK
Gauss,Sequential,1440p,2,2,,,,4447.68,,OK
Gauss,OpenMP,1440p,2,2,,,,744.631,12,OK
Gauss,CUDA,1440p,2,2,1.86576,1.20902,1.80829,4.89091,,OK
Gauss,Sequential,1440p,2,3,,,,4435.69,,OK
Gauss,OpenMP,1440p,2,3,,,,746.082,12,OK
Gauss,CUDA,1440p,2,3,1.85821,1.21152,2.3697,5.44755,,OK
Gauss,Sequential,1440p,2,4,,,,4448.23,,OK
Gauss,OpenMP,1440p,2,4,,,,744.395,12,OK
Gauss,CUDA,1440p,2,4,1.83274,1.63558,2.33546,5.81149,,OK
Sobel,Sequential,1440p,2,0,,,,880.798,,OK
Sobel,OpenMP,1440p,2,0,,,,148.597,12,OK
Sobel,CUDA,1440p,2,0,0.88144,0.312672,0.735392,1.93747,,OK
Sobel,Sequential,1440p,2,1,,,,873.034,,OK
Sobel,OpenMP,1440p,2,1,,,,149.456,12,OK
Sobel,CUDA,1440p,2,1,0.818272,1.13267,0.675104,2.6345,,OK
Sobel,Sequential,1440p,2,2,,,,869.517,,OK
Sobel,OpenMP,1440p,2,2,,,,147.461,12,OK
Sobel,CUDA,1440p,2,2,0.754016,0.310528,0.678336,1.75094,,OK
Sobel,Sequential,1440p,2,3,,,,879.286,,OK
Sobel,OpenMP,1440p,2,3,,,,153.144,12,OK
Sobel,CUDA,1440p,2,3,0.747648,0.310272,0.6936,1.76106,,OK
Sobel,Sequential,1440p,2,4,,,,873.082,,OK
Sobel,OpenMP,1440p,2,4,,,,146.832,12,OK
Sobel,CUDA,1440p,2,4,0.765504,0.302944,0.63728,1.71405,,OK
Unsharp,Sequential,1440p,2,0,,,,5038.78,,OK
Unsharp,OpenMP,1440p,2,0,,,,840.018,12,OK
Unsharp,CUDA,1440p,2,0,2.04915,2.35283,1.99315,6.40285,,OK
Unsharp,Sequential,1440p,2,1,,,,5035.93,,OK
Unsharp,OpenMP,1440p,2,1,,,,846.635,12,OK
Unsharp,CUDA,1440p,2,1,1.96733,1.53165,1.93683,5.44435,,OK
Unsharp,Sequential,1440p,2,2,,,,5057.4,,OK
Unsharp,OpenMP,1440p,2,2,,,,843,12,OK
Unsharp,CUDA,1440p,2,2,1.92838,2.25034,1.90928,6.09866,,OK
Unsharp,Sequential,1440p,2,3,,,,5050.71,,OK
Unsharp,OpenMP,1440p,2,3,,,,844.34,12,OK
Unsharp,CUDA,1440p,2,3,2.56445,1.5207,1.792,5.8849,,OK
Unsharp,Sequential,1440p,2,4,,,,5046.73,,OK
Unsharp,OpenMP,1440p,2,4,,,,845.707,12,OK
Unsharp,CUDA,1440p,2,4,2.00739,1.53136,1.95747,5.50336,,OK
HistEqual,Sequential,1440p,2,0,,,,168.942,,OK
HistEqual,OpenMP,1440p,2,0,,,,36.2846,12,OK
HistEqual,CUDA,1440p,2,0,0.752384,0.53232,0.6472,1.93904,,OK
HistEqual,Sequential,1440p,2,1,,,,167.999,,OK
HistEqual,OpenMP,1440p,2,1,,,,33.9492,12,OK
HistEqual,CUDA,1440p,2,1,0.72016,0.529504,0.694016,1.95101,,OK
HistEqual,Sequential,1440p,2,2,,,,166.259,,OK
HistEqual,OpenMP,1440p,2,2,,,,33.277,12,OK
HistEqual,CUDA,1440p,2,2,0.717376,0.526144,0.649184,1.90109,,OK
HistEqual,Sequential,1440p,2,3,,,,169.044,,OK
HistEqual,OpenMP,1440p,2,3,,,,33.9661,12,OK
HistEqual,CUDA,1440p,2,3,0.82544,0.571904,0.709248,2.11354,,OK
HistEqual,Sequential,1440p,2,4,,,,166.992,,OK
HistEqual,OpenMP,1440p,2,4,,,,33.6935,12,OK
HistEqual,CUDA,1440p,2,4,0.777696,0.506976,0.659648,1.95149,,OK
Invert,Sequential,1440p,3,0,,,,181.695,,OK
Invert,OpenMP,1440p,3,0,,,,38.8182,12,OK
Invert,CUDA,1440p,3,0,1.89229,0.465312,1.83235,4.19789,,OK
Invert,Sequential,1440p,3,1,,,,188.774,,OK
Invert,OpenMP,1440p,3,1,,,,37.2181,12,OK
Invert,CUDA,1440p,3,1,1.90074,0.477184,2.30026,4.68608,,OK
Invert,Sequential,1440p,3,2,,,,193.96,,OK
Invert,OpenMP,1440p,3,2,,,,39.1616,12,OK
Invert,CUDA,1440p,3,2,1.96304,0.463232,1.79805,4.23206,,OK
Invert,Sequential,1440p,3,3,,,,189.317,,OK
Invert,OpenMP,1440p,3,3,,,,38.9433,12,OK
Invert,CUDA,1440p,3,3,1.97661,1.01174,1.95786,4.9551,,OK
Invert,Sequential,1440p,3,4,,,,192.423,,OK
Invert,OpenMP,1440p,3,4,,,,36.8593,12,OK
Invert,CUDA,1440p,3,4,1.8871,0.749024,2.18218,4.82618,,OK
Gauss,Sequential,1440p,3,0,,,,4431.83,,OK
Gauss,OpenMP,1440p,3,0,,,,745.641,12,OK
Gauss,CUDA,1440p,3,0,2.34106,1.21965,1.74131,5.3103,,OK
Gauss,Sequential,1440p,3,1,,,,4454.43,,OK
Gauss,OpenMP,1440p,3,1,,,,741.464,12,OK
Gauss,CUDA,1440p,3,1,1.85549,2.37014,1.74506,5.97853,,OK
Gauss,Sequential,1440p,3,2,,,,4449.13,,OK
Gauss,OpenMP,1440p,3,2,,,,745.24,12,OK
Gauss,CUDA,1440p,3,2,1.86538,1.21376,1.78691,4.87386,,OK
Gauss,Sequential,1440p,3,3,,,,4444.62,,OK
Gauss,OpenMP,1440p,3,3,,,,743.376,12,OK
Gauss,CUDA,1440p,3,3,1.84182,1.21443,2.37222,5.43616,,OK
Gauss,Sequential,1440p,3,4,,,,4444.06,,OK
Gauss,OpenMP,1440p,3,4,,,,748.392,12,OK
Gauss,CUDA,1440p,3,4,1.87952,1.99901,1.82662,5.71808,,OK
Sobel,Sequential,1440p,3,0,,,,871.697,,OK
Sobel,OpenMP,1440p,3,0,,,,161.849,12,OK
Sobel,CUDA,1440p,3,0,0.73792,0.306112,0.72944,1.78202,,OK
Sobel,Sequential,1440p,3,1,,,,863.556,,OK
Sobel,OpenMP,1440p,3,1,,,,149.843,12,OK
Sobel,CUDA,1440p,3,1,0.724512,0.301984,0.64624,1.68093,,OK
Sobel,Sequential,1440p,3,2,,,,875.769,,OK
Sobel,OpenMP,1440p,3,2,,,,148.296,12,OK
Sobel,CUDA,1440p,3,2,0.935744,0.316992,0.68752,1.94899,,OK
Sobel,Sequential,1440p,3,3,,,,876.797,,OK
Sobel,OpenMP,1440p,3,3,,,,147.547,12,OK
Sobel,CUDA,1440p,3,3,0.841056,0.306912,0.738496,1.89354,,OK
Sobel,Sequential,1440p,3,4,,,,874.878,,OK
Sobel,OpenMP,1440p,3,4,,,,150.231,12,OK
Sobel,CUDA,1440p,3,4,0.742816,0.302304,0.663712,1.71578,,OK
Unsharp,Sequential,1440p,3,0,,,,5042.67,,OK
Unsharp,OpenMP,1440p,3,0,,,,843.203,12,OK
Unsharp,CUDA,1440p,3,0,2.78026,2.64518,1.80989,7.24355,,OK
Unsharp,Sequential,1440p,3,1,,,,5065.03,,OK
Unsharp,OpenMP,1440p,3,1,,,,844.881,12,OK
Unsharp,CUDA,1440p,3,1,2.07437,1.52646,1.74314,5.35222,,OK
Unsharp,Sequential,1440p,3,2,,,,5039.27,,OK
Unsharp,OpenMP,1440p,3,2,,,,844.312,12,OK
Unsharp,CUDA,1440p,3,2,1.99549,1.54016,2.35568,5.89952,,OK
Unsharp,Sequential,1440p,3,3,,,,5043.42,,OK
Unsharp,OpenMP,1440p,3,3,,,,848.815,12,OK
Unsharp,CUDA,1440p,3,3,1.94061,1.52659,3.02077,6.4952,,OK
Unsharp,Sequential,1440p,3,4,,,,5056.7,,OK
Unsharp,OpenMP,1440p,3,4,,,,862.492,12,OK
Unsharp,CUDA,1440p,3,4,2.41296,1.58816,1.7479,5.75738,,OK
HistEqual,Sequential,1440p,3,0,,,,168.751,,OK
HistEqual,OpenMP,1440p,3,0,,,,33.9332,12,OK
HistEqual,CUDA,1440p,3,0,0.713056,0.518208,0.65664,1.89539,,OK
HistEqual,Sequential,1440p,3,1,,,,168.699,,OK
HistEqual,OpenMP,1440p,3,1,,,,33.5027,12,OK
HistEqual,CUDA,1440p,3,1,0.72,0.516448,0.635328,1.87901,,OK
HistEqual,Sequential,1440p,3,2,,,,167.889,,OK
HistEqual,OpenMP,1440p,3,2,,,,34.276,12,OK
HistEqual,CUDA,1440p,3,2,0.801504,0.592352,0.791936,2.1943,,OK
HistEqual,Sequential,1440p,3,3,,,,166.369,,OK
HistEqual,OpenMP,1440p,3,3,,,,33.4436,12,OK
HistEqual,CUDA,1440p,3,3,0.728768,0.51088,0.640256,1.8871,,OK
HistEqual,Sequential,1440p,3,4,,,,163.373,,OK
HistEqual,OpenMP,1440p,3,4,,,,34.0424,12,OK
HistEqual,CUDA,1440p,3,4,0.799552,0.527968,0.832992,2.16886,,OK
Invert,Sequential,1440p,4,0,,,,182.388,,OK
Invert,OpenMP,1440p,4,0,,,,37.9196,12,OK
Invert,CUDA,1440p,4,0,1.9832,0.515904,2.45664,4.96349,,OK
Invert,Sequential,1440p,4,1,,,,188.747,,OK
Invert,OpenMP,1440p,4,1,,,,41.1105,12,OK
Invert,CUDA,1440p,4,1,2.0759,0.583328,1.90365,4.57104,,OK
Invert,Sequential,1440p,4,2,,,,192.906,,OK
Invert,OpenMP,1440p,4,2,,,,38.0427,12,OK
Invert,CUDA,1440p,4,2,1.98035,0.471264,1.73014,4.1897,,OK
Invert,Sequential,1440p,4,3,,,,188.33,,OK
Invert,OpenMP,1440p,4,3,,,,38.6217,12,OK
Invert,CUDA,1440p,4,3,1.81053,0.466784,2.22448,4.50973,,OK
Invert,Sequential,1440p,4,4,,,,192.974,,OK
Invert,OpenMP,1440p,4,4,,,,37.6892,12,OK
Invert,CUDA,1440p,4,4,1.87434,0.468096,2.41434,4.76448,,OK
Gauss,Sequential,1440p,4,0,,,,4426.44,,OK
Gauss,OpenMP,1440p,4,0,,,,747.195,12,OK
Gauss,CUDA,1440p,4,0,2.26829,1.21162,1.81654,5.30371,,OK
Gauss,Sequential,1440p,4,1,,,,4438.63,,OK
Gauss,OpenMP,1440p,4,1,,,,744.533,12,OK
Gauss,CUDA,1440p,4,1,1.92659,1.67958,1.77885,5.39168,,OK
Gauss,Sequential,1440p,4,2,,,,4445.47,,OK
Gauss,OpenMP,1440p,4,2,,,,759.068,12,OK
Gauss,CUDA,1440p,4,2,1.99994,1.62355,1.74272,5.3744,,OK
Gauss,Sequential,1440p,4,3,,,,4435.99,,OK
Gauss,OpenMP,1440p,4,3,,,,741.361,12,OK
Gauss,CUDA,1440p,4,3,1.95808,1.21392,2.39715,5.57706,,OK
Gauss,Sequential,1440p,4,4,,,,4419.1,,OK
Gauss,OpenMP,1440p,4,4,,,,748.17,12,OK
Gauss,CUDA,1440p,4,4,1.93664,1.22157,2.42874,5.59485,,OK
Sobel,Sequential,1440p,4,0,,,,881.216,,OK
Sobel,OpenMP,1440p,4,0,,,,152.013,12,OK
Sobel,CUDA,1440p,4,0,0.73328,0.302656,0.660768,1.70509,,OK
Sobel,Sequential,1440p,4,1,,,,872.015,,OK
Sobel,OpenMP,1440p,4,1,,,,147.432,12,OK
Sobel,CUDA,1440p,4,1,1.04515,0.308,0.661984,2.02291,,OK
Sobel,Sequential,1440p,4,2,,,,878.024,,OK
Sobel,OpenMP,1440p,4,2,,,,151.5,12,OK
Sobel,CUDA,1440p,4,2,0.7344,0.300608,0.662912,1.70608,,OK
Sobel,Sequential,1440p,4,3,,,,874.712,,OK
Sobel,OpenMP,1440p,4,3,,,,147.655,12,OK
Sobel,CUDA,1440p,4,3,0.750816,0.302624,0.658912,1.71949,,OK
Sobel,Sequential,1440p,4,4,,,,878.542,,OK
Sobel,OpenMP,1440p,4,4,,,,147.402,12,OK
Sobel,CUDA,1440p,4,4,0.828768,0.310688,0.657856,1.80557,,OK
Unsharp,Sequential,1440p,4,0,,,,5045.91,,OK
Unsharp,OpenMP,1440p,4,0,,,,839.903,12,OK
Unsharp,CUDA,1440p,4,0,2.2127,1.58106,1.7433,5.54429,,OK
Unsharp,Sequential,1440p,4,1,,,,5028.49,,OK
Unsharp,OpenMP,1440p,4,1,,,,846.435,12,OK
Unsharp,CUDA,1440p,4,1,2.21261,1.57242,1.74746,5.54595,,OK
Unsharp,Sequential,1440p,4,2,,,,5015.22,,OK
Unsharp,OpenMP,1440p,4,2,,,,856.305,12,OK
Unsharp,CUDA,1440p,4,2,1.94416,1.52006,2.32118,5.79338,,OK
Unsharp,Sequential,1440p,4,3,,,,5063.85,,OK
Unsharp,OpenMP,1440p,4,3,,,,848.032,12,OK
Unsharp,CUDA,1440p,4,3,2.07008,2.52176,1.77782,6.37763,,OK
Unsharp,Sequential,1440p,4,4,,,,5052.04,,OK
Unsharp,OpenMP,1440p,4,4,,,,849.77,12,OK
Unsharp,CUDA,1440p,4,4,2.26611,1.52371,1.94403,5.74163,,OK
HistEqual,Sequential,1440p,4,0,,,,168.189,,OK
HistEqual,OpenMP,1440p,4,0,,,,33.9383,12,OK
HistEqual,CUDA,1440p,4,0,0.814816,0.591392,0.723904,2.13763,,OK
HistEqual,Sequential,1440p,4,1,,,,166.257,,OK
HistEqual,OpenMP,1440p,4,1,,,,33.051,12,OK
HistEqual,CUDA,1440p,4,1,0.766336,0.541792,0.683584,1.99917,,OK
HistEqual,Sequential,1440p,4,2,,,,167.528,,OK
HistEqual,OpenMP,1440p,4,2,,,,33.2537,12,OK
HistEqual,CUDA,1440p,4,2,0.711456,0.52288,0.652096,1.89373,,OK
HistEqual,Sequential,1440p,4,3,,,,166.481,,OK
HistEqual,OpenMP,1440p,4,3,,,,36.3549,12,OK
HistEqual,CUDA,1440p,4,3,0.781792,0.590656,0.720448,2.10131,,OK
HistEqual,Sequential,1440p,4,4,,,,166.397,,OK
HistEqual,OpenMP,1440p,4,4,,,,33.2055,12,OK
HistEqual,CUDA,1440p,4,4,0.767552,0.529152,0.82832,2.13238,,OK
Invert,Sequential,1440p,5,0,,,,181.967,,OK
Invert,OpenMP,1440p,5,0,,,,37.9548,12,OK
Invert,CUDA,1440p,5,0,2.09379,0.533056,3.052,5.68707,,OK
Invert,Sequential,1440p,5,1,,,,188.421,,OK
Invert,OpenMP,1440p,5,1,,,,37.3842,12,OK
Invert,CUDA,1440p,5,1,2.04237,0.519808,2.45126,5.02109,,OK
Invert,Sequential,1440p,5,2,,,,187.343,,OK
Invert,OpenMP,1440p,5,2,,,,38.2465,12,OK
Invert,CUDA,1440p,5,2,2.0464,0.50224,2.90717,5.4639,,OK
Invert,Sequential,1440p,5,3,,,,189.87,,OK
Invert,OpenMP,1440p,5,3,,,,37.2555,12,OK
Invert,CUDA,1440p,5,3,2.0295,0.531776,2.7608,5.32992,,OK
Invert,Sequential,1440p,5,4,,,,186.506,,OK
Invert,OpenMP,1440p,5,4,,,,37.0221,12,OK
Invert,CUDA,1440p,5,4,1.97846,1.0096,2.49472,5.5001,,OK
Gauss,Sequential,1440p,5,0,,,,4433.85,,OK
Gauss,OpenMP,1440p,5,0,,,,754.722,12,OK
Gauss,CUDA,1440p,5,0,1.95098,1.21357,1.84307,5.01571,,OK
Gauss,Sequential,1440p,5,1,,,,4445.49,,OK
Gauss,OpenMP,1440p,5,1,,,,747.135,12,OK
Gauss,CUDA,1440p,5,1,1.81725,1.2072,1.75709,4.78851,,OK
Gauss,Sequential,1440p,5,2,,,,4443.52,,OK
Gauss,OpenMP,1440p,5,2,,,,742.38,12,OK
Gauss,CUDA,1440p,5,2,1.92563,1.2161,1.81302,4.96186,,OK
Gauss,Sequential,1440p,5,3,,,,4445.35,,OK
Gauss,OpenMP,1440p,5,3,,,,761.449,12,OK
Gauss,CUDA,1440p,5,3,1.88061,1.2167,2.46957,5.57389,,OK
Gauss,Sequential,1440p,5,4,,,,4412.44,,OK
Gauss,OpenMP,1440p,5,4,,,,745.662,12,OK
Gauss,CUDA,1440p,5,4,1.93536,1.63069,1.77923,5.35328,,OK
Sobel,Sequential,1440p,5,0,,,,872.729,,OK
Sobel,OpenMP,1440p,5,0,,,,148.548,12,OK
Sobel,CUDA,1440p,5,0,0.822432,0.372352,0.770944,1.97382,,OK
Sobel,Sequential,1440p,5,1,,,,870.268,,OK
Sobel,OpenMP,1440p,5,1,,,,150.188,12,OK
Sobel,CUDA,1440p,5,1,0.71408,0.300512,0.740992,1.76387,,OK
Sobel,Sequential,1440p,5,2,,,,877.392,,OK
Sobel,OpenMP,1440p,5,2,,,,152.797,12,OK
Sobel,CUDA,1440p,5,2,0.822016,0.301952,0.655776,1.78704,,OK
Sobel,Sequential,1440p,5,3,,,,872.814,,OK
Sobel,OpenMP,1440p,5,3,,,,149.508,12,OK
Sobel,CUDA,1440p,5,3,0.717376,0.3032,0.656608,1.68541,,OK
Sobel,Sequential,1440p,5,4,,,,874.382,,OK
Sobel,OpenMP,1440p,5,4,,,,154.064,12,OK
Sobel,CUDA,1440p,5,4,0.732224,0.29952,0.660384,1.70022,,OK
Unsharp,Sequential,1440p,5,0,,,,5035.03,,OK
Unsharp,OpenMP,1440p,5,0,,,,853.507,12,OK
Unsharp,CUDA,1440p,5,0,2.48928,1.52246,1.77898,5.79901,,OK
Unsharp,Sequential,1440p,5,1,,,,5041.95,,OK
Unsharp,OpenMP,1440p,5,1,,,,842.463,12,OK
Unsharp,CUDA,1440p,5,1,2.29706,3.06314,1.76019,7.12867,,OK
Unsharp,Sequential,1440p,5,2,,,,5033.82,,OK
Unsharp,OpenMP,1440p,5,2,,,,843.59,12,OK
Unsharp,CUDA,1440p,5,2,2.14573,3.47754,2.30368,7.93546,,OK
Unsharp,Sequential,1440p,5,3,,,,5065.1,,OK
Unsharp,OpenMP,1440p,5,3,,,,841.044,12,OK
Unsharp,CUDA,1440p,5,3,1.93482,1.53382,2.46726,5.94406,,OK
Unsharp,Sequential,1440p,5,4,,,,5059.51,,OK
Unsharp,OpenMP,1440p,5,4,,,,848.387,12,OK
Unsharp,CUDA,1440p,5,4,2.62099,1.53421,1.73693,5.89946,,OK
HistEqual,Sequential,1440p,5,0,,,,174.971,,OK
HistEqual,OpenMP,1440p,5,0,,,,34.1682,12,OK
HistEqual,CUDA,1440p,5,0,0.871712,0.538816,0.69744,2.11549,,OK
HistEqual,Sequential,1440p,5,1,,,,165.922,,OK
HistEqual,OpenMP,1440p,5,1,,,,34.0885,12,OK
HistEqual,CUDA,1440p,5,1,0.701952,0.561024,0.780288,2.05056,,OK
HistEqual,Sequential,1440p,5,2,,,,164.809,,OK
HistEqual,OpenMP,1440p,5,2,,,,34.8434,12,OK
HistEqual,CUDA,1440p,5,2,0.772736,0.529152,0.670144,1.97933,,OK
HistEqual,Sequential,1440p,5,3,,,,165.994,,OK
HistEqual,OpenMP,1440p,5,3,,,,34.6609,12,OK
HistEqual,CUDA,1440p,5,3,0.93744,0.673664,0.935424,2.55389,,OK
HistEqual,Sequential,1440p,5,4,,,,165.447,,OK
HistEqual,OpenMP,1440p,5,4,,,,33.6302,12,OK
HistEqual,CUDA,1440p,5,4,0.794976,0.539712,0.744832,2.08688,,OK
Invert,Sequential,1440p,6,0,,,,182.526,,OK
Invert,OpenMP,1440p,6,0,,,,37.252,12,OK
Invert,CUDA,1440p,6,0,2.10253,0.51152,2.7241,5.34634,,OK
Invert,Sequential,1440p,6,1,,,,188.521,,OK
Invert,OpenMP,1440p,6,1,,,,39.7516,12,OK
Invert,CUDA,1440p,6,1,1.8689,0.467456,2.34467,4.68787,,OK
Invert,Sequential,1440p,6,2,,,,193.503,,OK
Invert,OpenMP,1440p,6,2,,,,37.9662,12,OK
Invert,CUDA,1440p,6,2,1.93533,0.855296,1.88211,4.68138,,OK
Invert,Sequential,1440p,6,3,,,,188.385,,OK
Invert,OpenMP,1440p,6,3,,,,38.3186,12,OK
Invert,CUDA,1440p,6,3,1.89162,0.51296,1.82269,4.23488,,OK
Invert,Sequential,1440p,6,4,,,,192.565,,OK
Invert,OpenMP,1440p,6,4,,,,37.6705,12,OK
Invert,CUDA,1440p,6,4,1.85862,0.46832,1.74163,4.07632,,OK
Gauss,Sequential,1440p,6,0,,,,4428.24,,OK
Gauss,OpenMP,1440p,6,0,,,,748.526,12,OK
Gauss,CUDA,1440p,6,0,2.15571,1.2168,2.3009,5.68144,,OK
Gauss,Sequential,1440p,6,1,,,,4441.43,,OK
Gauss,OpenMP,1440p,6,1,,,,743.827,12,OK
Gauss,CUDA,1440p,6,1,1.85805,1.2159,1.79446,4.87642,,OK
Gauss,Sequential,1440p,6,2,,,,4455.92,,OK
Gauss,OpenMP,1440p,6,2,,,,743.574,12,OK
Gauss,CUDA,1440p,6,2,1.8328,1.21594,2.30867,5.36483,,OK
Gauss,Sequential,1440p,6,3,,,,4437.86,,OK
Gauss,OpenMP,1440p,6,3,,,,754.833,12,OK
Gauss,CUDA,1440p,6,3,1.87677,1.63443,2.11187,5.63078,,OK
Gauss,Sequential,1440p,6,4,,,,4435.21,,OK
Gauss,OpenMP,1440p,6,4,,,,741.618,12,OK
Gauss,CUDA,1440p,6,4,2.10275,1.22656,1.91011,5.2473,,OK
Sobel,Sequential,1440p,6,0,,,,880.416,,OK
Sobel,OpenMP,1440p,6,0,,,,146.578,12,OK
Sobel,CUDA,1440p,6,0,0.883616,0.31136,0.752544,1.95619,,OK
Sobel,Sequential,1440p,6,1,,,,877.51,,OK
Sobel,OpenMP,1440p,6,1,,,,151.818,12,OK
Sobel,CUDA,1440p,6,1,0.7392,0.3016,0.653344,1.7023,,OK
Sobel,Sequential,1440p,6,2,,,,872.777,,OK
Sobel,OpenMP,1440p,6,2,,,,147.06,12,OK
Sobel,CUDA,1440p,6,2,0.782752,0.302208,0.65872,1.75078,,OK
Sobel,Sequential,1440p,6,3,,,,872.662,,OK
Sobel,OpenMP,1440p,6,3,,,,147.021,12,OK
Sobel,CUDA,1440p,6,3,0.808256,0.306016,0.739904,1.86246,,OK
Sobel,Sequential,1440p,6,4,,,,875.988,,OK
Sobel,OpenMP,1440p,6,4,,,,150.291,12,OK
Sobel,CUDA,1440p,6,4,0.7592,0.30432,0.651776,1.72243,,OK
Unsharp,Sequential,1440p,6,0,,,,5047.08,,OK
Unsharp,OpenMP,1440p,6,0,,,,848.592,12,OK
Unsharp,CUDA,1440p,6,0,2.38134,1.53098,1.75744,5.67808,,OK
Unsharp,Sequential,1440p,6,1,,,,5043.94,,OK
Unsharp,OpenMP,1440p,6,1,,,,842.436,12,OK
Unsharp,CUDA,1440p,6,1,2.0615,2.69773,1.74195,6.50928,,OK
Unsharp,Sequential,1440p,6,2,,,,5045.19,,OK
Unsharp,OpenMP,1440p,6,2,,,,850.959,12,OK
Unsharp,CUDA,1440p,6,2,1.88419,2.62675,1.75856,6.2761,,OK
Unsharp,Sequential,1440p,6,3,,,,5063.11,,OK
Unsharp,OpenMP,1440p,6,3,,,,842.193,12,OK
Unsharp,CUDA,1440p,6,3,2.19427,1.61722,2.13754,5.9577,,OK
Unsharp,Sequential,1440p,6,4,,,,5053.46,,OK
Unsharp,OpenMP,1440p,6,4,,,,842.686,12,OK
Unsharp,CUDA,1440p,6,4,2.19142,4.07626,1.77062,8.04602,,OK
HistEqual,Sequential,1440p,6,0,,,,171.564,,OK
HistEqual,OpenMP,1440p,6,0,,,,35.8129,12,OK
HistEqual,CUDA,1440p,6,0,0.725536,0.523136,0.651168,1.90714,,OK
HistEqual,Sequential,1440p,6,1,,,,169.693,,OK
HistEqual,OpenMP,1440p,6,1,,,,33.8384,12,OK
HistEqual,CUDA,1440p,6,1,0.726432,0.523552,0.66032,1.91728,,OK
HistEqual,Sequential,1440p,6,2,,,,169.221,,OK
HistEqual,OpenMP,1440p,6,2,,,,33.4148,12,OK
HistEqual,CUDA,1440p,6,2,0.757568,0.58752,0.714208,2.06634,,OK
HistEqual,Sequential,1440p,6,3,,,,167.611,,OK
HistEqual,OpenMP,1440p,6,3,,,,34.0558,12,OK
HistEqual,CUDA,1440p,6,3,0.760032,0.573984,0.711424,2.05245,,OK
HistEqual,Sequential,1440p,6,4,,,,167.256,,OK
HistEqual,OpenMP,1440p,6,4,,,,38.1513,12,OK
HistEqual,CUDA,1440p,6,4,0.722976,0.546432,0.778528,2.0551,,OK
Invert,Sequential,1440p,7,0,,,,182.804,,OK
Invert,OpenMP,1440p,7,0,,,,38.0872,12,OK
Invert,CUDA,1440p,7,0,1.85354,0.473632,1.90768,4.24266,,OK
Invert,Sequential,1440p,7,1,,,,190.594,,OK
Invert,OpenMP,1440p,7,1,,,,37.4218,12,OK
Invert,CUDA,1440p,7,1,2.04272,0.46544,1.73021,4.24528,,OK
Invert,Sequential,1440p,7,2,,,,187.562,,OK
Invert,OpenMP,1440p,7,2,,,,40.7777,12,OK
Invert,CUDA,1440p,7,2,1.91011,0.974048,1.95027,4.84806,,OK
Invert,Sequential,1440p,7,3,,,,193.669,,OK
Invert,OpenMP,1440p,7,3,,,,36.688,12,OK
Invert,CUDA,1440p,7,3,2.0871,0.508192,1.8537,4.45837,,OK
Invert,Sequential,1440p,7,4,,,,188.443,,OK
Invert,OpenMP,1440p,7,4,,,,37.9418,12,OK
Invert,CUDA,1440p,7,4,2.14381,0.499456,2.01971,4.67094,,OK
Gauss,Sequential,1440p,7,0,,,,4437.77,,OK
Gauss,OpenMP,1440p,7,0,,,,757.217,12,OK
Gauss,CUDA,1440p,7,0,1.85126,1.21962,2.31917,5.39811,,OK
Gauss,Sequential,1440p,7,1,,,,4437,,OK
Gauss,OpenMP,1440p,7,1,,,,753.983,12,OK
Gauss,CUDA,1440p,7,1,1.82211,1.21469,2.34717,5.39184,,OK
Gauss,Sequential,1440p,7,2,,,,4443.26,,OK
Gauss,OpenMP,1440p,7,2,,,,754.314,12,OK
Gauss,CUDA,1440p,7,2,1.86554,1.20864,1.75664,4.83882,,OK
Gauss,Sequential,1440p,7,3,,,,4433.84,,OK
Gauss,OpenMP,1440p,7,3,,,,743.497,12,OK
Gauss,CUDA,1440p,7,3,1.98224,1.67114,1.81875,5.48022,,OK
Gauss,Sequential,1440p,7,4,,,,4427.51,,OK
Gauss,OpenMP,1440p,7,4,,,,753.866,12,OK
Gauss,CUDA,1440p,7,4,2.19443,1.22406,1.72285,5.14851,,OK
Sobel,Sequential,1440p,7,0,,,,867.06,,OK
Sobel,OpenMP,1440p,7,0,,,,170.105,12,OK
Sobel,CUDA,1440p,7,0,0.742144,0.307584,0.831264,1.88819,,OK
Sobel,Sequential,1440p,7,1,,,,867.97,,OK
Sobel,OpenMP,1440p,7,1,,,,148.066,12,OK
Sobel,CUDA,1440p,7,1,0.734592,0.299776,0.660704,1.70243,,OK
Sobel,Sequential,1440p,7,2,,,,873.606,,OK
Sobel,OpenMP,1440p,7,2,,,,152.482,12,OK
Sobel,CUDA,1440p,7,2,0.719648,0.300896,0.707776,1.73642,,OK
Sobel,Sequential,1440p,7,3,,,,871.902,,OK
Sobel,OpenMP,1440p,7,3,,,,152.07,12,OK
Sobel,CUDA,1440p,7,3,0.77808,0.312864,0.670976,1.76998,,OK
Sobel,Sequential,1440p,7,4,,,,873.421,,OK
Sobel,OpenMP,1440p,7,4,,,,147.042,12,OK
Sobel,CUDA,1440p,7,4,0.802336,0.322208,0.653024,1.78477,,OK
Unsharp,Sequential,1440p,7,0,,,,5084.01,,OK
Unsharp,OpenMP,1440p,7,0,,,,845.476,12,OK
Unsharp,CUDA,1440p,7,0,1.89101,1.53261,2.86067,6.2927,,OK
Unsharp,Sequential,1440p,7,1,,,,5064.64,,OK
Unsharp,OpenMP,1440p,7,1,,,,838.907,12,OK
Unsharp,CUDA,1440p,7,1,2.0111,1.52134,2.68704,6.22746,,OK
Unsharp,Sequential,1440p,7,2,,,,5041.28,,OK
Unsharp,OpenMP,1440p,7,2,,,,859.536,12,OK
Unsharp,CUDA,1440p,7,2,2.07466,1.98653,1.72938,5.79789,,OK
Unsharp,Sequential,1440p,7,3,,,,5062.68,,OK
Unsharp,OpenMP,1440p,7,3,,,,845.29,12,OK
Unsharp,CUDA,1440p,7,3,1.96,1.52806,2.23734,5.73341,,OK
Unsharp,Sequential,1440p,7,4,,,,5051.79,,OK
Unsharp,OpenMP,1440p,7,4,,,,839.76,12,OK
Unsharp,CUDA,1440p,7,4,1.87254,1.53078,2.6607,6.07232,,OK
HistEqual,Sequential,1440p,7,0,,,,173.008,,OK
HistEqual,OpenMP,1440p,7,0,,,,33.1877,12,OK
HistEqual,CUDA,1440p,7,0,0.706496,0.524832,0.640032,1.87859,,OK
HistEqual,Sequential,1440p,7,1,,,,164.97,,OK
HistEqual,OpenMP,1440p,7,1,,,,33.7141,12,OK
HistEqual,CUDA,1440p,7,1,0.692192,0.51872,0.646816,1.8647,,OK
HistEqual,Sequential,1440p,7,2,,,,167.049,,OK
HistEqual,OpenMP,1440p,7,2,,,,35.5394,12,OK
HistEqual,CUDA,1440p,7,2,0.705888,0.506944,0.662688,1.88282,,OK
HistEqual,Sequential,1440p,7,3,,,,166.832,,OK
HistEqual,OpenMP,1440p,7,3,,,,34.061,12,OK
HistEqual,CUDA,1440p,7,3,0.899424,0.93568,0.71056,2.55322,,OK
HistEqual,Sequential,1440p,7,4,,,,164.96,,OK
HistEqual,OpenMP,1440p,7,4,,,,33.2972,12,OK
HistEqual,CUDA,1440p,7,4,0.738336,0.663904,0.708224,2.11779,,OK
Invert,Sequential,1440p,8,0,,,,183.178,,OK
Invert,OpenMP,1440p,8,0,,,,37.7545,12,OK
Invert,CUDA,1440p,8,0,1.87555,0.472224,2.22813,4.58368,,OK
Invert,Sequential,1440p,8,1,,,,190.783,,OK
Invert,OpenMP,1440p,8,1,,,,37.1845,12,OK
Invert,CUDA,1440p,8,1,1.87702,0.464416,1.72531,4.07462,,OK
Invert,Sequential,1440p,8,2,,,,194.506,,OK
Invert,OpenMP,1440p,8,2,,,,38.0676,12,OK
Invert,CUDA,1440p,8,2,1.85165,0.474848,2.28973,4.62387,,OK
Invert,Sequential,1440p,8,3,,,,189.58,,OK
Invert,OpenMP,1440p,8,3,,,,38.4909,12,OK
Invert,CUDA,1440p,8,3,1.84784,0.488512,1.83453,4.17917,,OK
Invert,Sequential,1440p,8,4,,,,193.569,,OK
Invert,OpenMP,1440p,8,4,,,,37.9561,12,OK
Invert,CUDA,1440p,8,4,1.88739,0.461856,1.84419,4.20272,,OK
Gauss,Sequential,1440p,8,0,,,,4434.48,,OK
Gauss,OpenMP,1440p,8,0,,,,750.441,12,OK
Gauss,CUDA,1440p,8,0,1.94,2.03318,1.73706,5.71795,,OK
Gauss,Sequential,1440p,8,1,,,,4430.36,,OK
Gauss,OpenMP,1440p,8,1,,,,743.482,12,OK
Gauss,CUDA,1440p,8,1,2.87747,1.30208,1.78134,5.96787,,OK
Gauss,Sequential,1440p,8,2,,,,4446.11,,OK
Gauss,OpenMP,1440p,8,2,,,,746.753,12,OK
Gauss,CUDA,1440p,8,2,1.87069,1.21418,1.74915,4.84221,,OK
Gauss,Sequential,1440p,8,3,,,,4456.11,,OK
Gauss,OpenMP,1440p,8,3,,,,753.819,12,OK
Gauss,CUDA,1440p,8,3,2.00448,1.21613,1.79939,5.0296,,OK
Gauss,Sequential,1440p,8,4,,,,4426.65,,OK
Gauss,OpenMP,1440p,8,4,,,,744.807,12,OK
Gauss,CUDA,1440p,8,4,1.89363,2.37152,1.75974,6.03286,,OK
Sobel,Sequential,1440p,8,0,,,,877.515,,OK
Sobel,OpenMP,1440p,8,0,,,,146.774,12,OK
Sobel,CUDA,1440p,8,0,0.753472,0.299232,0.67712,1.73702,,OK
Sobel,Sequential,1440p,8,1,,,,870.588,,OK
Sobel,OpenMP,1440p,8,1,,,,152.262,12,OK
Sobel,CUDA,1440p,8,1,0.766656,0.303776,0.666144,1.74502,,OK
Sobel,Sequential,1440p,8,2,,,,876.073,,OK
Sobel,OpenMP,1440p,8,2,,,,151.161,12,OK
Sobel,CUDA,1440p,8,2,0.788224,0.312928,0.714752,1.82422,,OK
Sobel,Sequential,1440p,8,3,,,,865.646,,OK
Sobel,OpenMP,1440p,8,3,,,,149.259,12,OK
Sobel,CUDA,1440p,8,3,0.746752,0.303904,0.66656,1.72538,,OK
Sobel,Sequential,1440p,8,4,,,,872.328,,OK
Sobel,OpenMP,1440p,8,4,,,,150.135,12,OK
Sobel,CUDA,1440p,8,4,0.74032,0.340192,0.787872,1.87642,,OK
Unsharp,Sequential,1440p,8,0,,,,5017.88,,OK
Unsharp,OpenMP,1440p,8,0,,,,839.321,12,OK
Unsharp,CUDA,1440p,8,0,2.11139,3.54208,1.72032,7.38189,,OK
Unsharp,Sequential,1440p,8,1,,,,5025.88,,OK
Unsharp,OpenMP,1440p,8,1,,,,844.316,12,OK
Unsharp,CUDA,1440p,8,1,1.93139,1.52928,2.7584,6.22595,,OK
Unsharp,Sequential,1440p,8,2,,,,5019.78,,OK
Unsharp,OpenMP,1440p,8,2,,,,835.932,12,OK
Unsharp,CUDA,1440p,8,2,1.96672,1.53158,2.39811,5.90435,,OK
Unsharp,Sequential,1440p,8,3,,,,5054.74,,OK
Unsharp,OpenMP,1440p,8,3,,,,837.983,12,OK
Unsharp,CUDA,1440p,8,3,1.95747,1.5257,2.52963,6.02074,,OK
Unsharp,Sequential,1440p,8,4,,,,5057,,OK
Unsharp,OpenMP,1440p,8,4,,,,837.34,12,OK
Unsharp,CUDA,1440p,8,4,2.16339,1.58877,1.8257,5.58998,,OK
HistEqual,Sequential,1440p,8,0,,,,175.104,,OK
HistEqual,OpenMP,1440p,8,0,,,,35.7866,12,OK
HistEqual,CUDA,1440p,8,0,0.696896,0.521024,0.638368,1.86259,,OK
HistEqual,Sequential,1440p,8,1,,,,163.886,,OK
HistEqual,OpenMP,1440p,8,1,,,,37.1166,12,OK
HistEqual,CUDA,1440p,8,1,0.698432,0.518624,0.65536,1.87878,,OK
HistEqual,Sequential,1440p,8,2,,,,163.587,,OK
HistEqual,OpenMP,1440p,8,2,,,,34.6349,12,OK
HistEqual,CUDA,1440p,8,2,0.716416,0.513952,0.650176,1.88669,,OK
HistEqual,Sequential,1440p,8,3,,,,167.046,,OK
HistEqual,OpenMP,1440p,8,3,,,,34.7297,12,OK
HistEqual,CUDA,1440p,8,3,0.851904,0.565728,0.693504,2.11843,,OK
HistEqual,Sequential,1440p,8,4,,,,166.825,,OK
HistEqual,OpenMP,1440p,8,4,,,,33.5852,12,OK
HistEqual,CUDA,1440p,8,4,0.730304,0.53696,0.671936,1.94643,,OK
Invert,Sequential,1440p,9,0,,,,181.801,,OK
Invert,OpenMP,1440p,9,0,,,,41.1534,12,OK
Invert,CUDA,1440p,9,0,1.86061,0.996448,2.13293,5.00262,,OK
Invert,Sequential,1440p,9,1,,,,188.723,,OK
Invert,OpenMP,1440p,9,1,,,,36.5483,12,OK
Invert,CUDA,1440p,9,1,1.92499,0.472096,1.73382,4.13859,,OK
Invert,Sequential,1440p,9,2,,,,193.483,,OK
Invert,OpenMP,1440p,9,2,,,,36.9693,12,OK
Invert,CUDA,1440p,9,2,2.07504,0.983104,1.76365,4.83472,,OK
Invert,Sequential,1440p,9,3,,,,189.864,,OK
Invert,OpenMP,1440p,9,3,,,,37.8503,12,OK
Invert,CUDA,1440p,9,3,2.12611,0.488192,1.91398,4.53635,,OK
Invert,Sequential,1440p,9,4,,,,193.35,,OK
Invert,OpenMP,1440p,9,4,,,,36.7722,12,OK
Invert,CUDA,1440p,9,4,2.15066,0.483456,1.75306,4.39526,,OK
Gauss,Sequential,1440p,9,0,,,,4440.39,,OK
Gauss,OpenMP,1440p,9,0,,,,752.607,12,OK
Gauss,CUDA,1440p,9,0,1.82739,1.21802,2.49702,5.55075,,OK
Gauss,Sequential,1440p,9,1,,,,4451.99,,OK
Gauss,OpenMP,1440p,9,1,,,,748.066,12,OK
Gauss,CUDA,1440p,9,1,2.02822,1.30896,1.75357,5.10144,,OK
Gauss,Sequential,1440p,9,2,,,,4453.52,,OK
Gauss,OpenMP,1440p,9,2,,,,749.728,12,OK
Gauss,CUDA,1440p,9,2,1.87606,2.01357,1.79277,5.69638,,OK
Gauss,Sequential,1440p,9,3,,,,4421.88,,OK
Gauss,OpenMP,1440p,9,3,,,,747.608,12,OK
Gauss,CUDA,1440p,9,3,2.23786,1.21136,1.70877,5.16525,,OK
Gauss,Sequential,1440p,9,4,,,,4442.69,,OK
Gauss,OpenMP,1440p,9,4,,,,750.172,12,OK
Gauss,CUDA,1440p,9,4,1.95331,1.21821,1.92624,5.10458,,OK
Sobel,Sequential,1440p,9,0,,,,870.884,,OK
Sobel,OpenMP,1440p,9,0,,,,149.44,12,OK
Sobel,CUDA,1440p,9,0,0.775776,0.300928,0.668992,1.75376,,OK
Sobel,Sequential,1440p,9,1,,,,874.797,,OK
Sobel,OpenMP,1440p,9,1,,,,151.635,12,OK
Sobel,CUDA,1440p,9,1,0.77824,0.398112,0.700448,1.88595,,OK
Sobel,Sequential,1440p,9,2,,,,876.28,,OK
Sobel,OpenMP,1440p,9,2,,,,150.628,12,OK
Sobel,CUDA,1440p,9,2,0.725504,0.300192,0.667552,1.70131,,OK
Sobel,Sequential,1440p,9,3,,,,873.456,,OK
Sobel,OpenMP,1440p,9,3,,,,152.718,12,OK
Sobel,CUDA,1440p,9,3,0.736032,0.300512,0.638976,1.68358,,OK
Sobel,Sequential,1440p,9,4,,,,871.248,,OK
Sobel,OpenMP,1440p,9,4,,,,151.832,12,OK
Sobel,CUDA,1440p,9,4,0.737024,0.299328,0.659456,1.7041,,OK
Unsharp,Sequential,1440p,9,0,,,,5019.86,,OK
Unsharp,OpenMP,1440p,9,0,,,,847.185,12,OK
Unsharp,CUDA,1440p,9,0,2.23565,1.97056,1.73904,5.95834,,OK
Unsharp,Sequential,1440p,9,1,,,,5028.69,,OK
Unsharp,OpenMP,1440p,9,1,,,,857.123,12,OK
Unsharp,CUDA,1440p,9,1,2.01504,2.30589,1.74845,6.07699,,OK
Unsharp,Sequential,1440p,9,2,,,,5034.28,,OK
Unsharp,OpenMP,1440p,9,2,,,,852.943,12,OK
Unsharp,CUDA,1440p,9,2,2.27494,1.53066,1.9703,5.78406,,OK
Unsharp,Sequential,1440p,9,3,,,,5051.18,,OK
Unsharp,OpenMP,1440p,9,3,,,,852.806,12,OK
Unsharp,CUDA,1440p,9,3,2.24906,1.54064,1.72554,5.5225,,OK
Unsharp,Sequential,1440p,9,4,,,,5038.89,,OK
Unsharp,OpenMP,1440p,9,4,,,,849.765,12,OK
Unsharp,CUDA,1440p,9,4,2.31651,1.52902,1.96413,5.81677,,OK
HistEqual,Sequential,1440p,9,0,,,,170.502,,OK
HistEqual,OpenMP,1440p,9,0,,,,34.7603,12,OK
HistEqual,CUDA,1440p,9,0,0.709568,0.519744,0.649184,1.8857,,OK
HistEqual,Sequential,1440p,9,1,,,,170.243,,OK
HistEqual,OpenMP,1440p,9,1,,,,34.0696,12,OK
HistEqual,CUDA,1440p,9,1,0.713184,0.532576,0.660576,1.9135,,OK
HistEqual,Sequential,1440p,9,2,,,,168.561,,OK
HistEqual,OpenMP,1440p,9,2,,,,34.424,12,OK
HistEqual,CUDA,1440p,9,2,0.829472,0.590144,0.790752,2.21776,,OK
HistEqual,Sequential,1440p,9,3,,,,166.226,,OK
HistEqual,OpenMP,1440p,9,3,,,,33.2986,12,OK
HistEqual,CUDA,1440p,9,3,0.81904,0.694848,0.785664,2.30698,,OK
HistEqual,Sequential,1440p,9,4,,,,164.782,,OK
HistEqual,OpenMP,1440p,9,4,,,,38.0119,12,OK
HistEqual,CUDA,1440p,9,4,0.71312,0.554976,0.6472,1.92269,,OK
Invert,Sequential,2160p,0,0,,,,347.486,,OK
Invert,OpenMP,2160p,0,0,,,,89.6673,12,OK
Invert,CUDA,2160p,0,0,4.59968,0.797856,4.03395,9.43926,,OK
Invert,Sequential,2160p,0,1,,,,379.455,,OK
Invert,OpenMP,2160p,0,1,,,,83.2198,12,OK
Invert,CUDA,2160p,0,1,4.35802,1.62893,4.36621,10.361,,OK
Invert,Sequential,2160p,0,2,,,,375.141,,OK
Invert,OpenMP,2160p,0,2,,,,84.3571,12,OK
Invert,CUDA,2160p,0,2,5.22493,0.800896,3.93386,9.96768,,OK
Invert,Sequential,2160p,0,3,,,,372.979,,OK
Invert,OpenMP,2160p,0,3,,,,82.447,12,OK
Invert,CUDA,2160p,0,3,5.21302,0.848576,4.36128,10.4308,,OK
Invert,Sequential,2160p,0,4,,,,373.887,,OK
Invert,OpenMP,2160p,0,4,,,,83.0362,12,OK
Invert,CUDA,2160p,0,4,5.23203,0.862272,4.3263,10.4287,,OK
Gauss,Sequential,2160p,0,0,,,,9947.97,,OK
Gauss,OpenMP,2160p,0,0,,,,1668.12,12,OK
Gauss,CUDA,2160p,0,0,4.39581,2.52451,3.87261,10.8017,,OK
Gauss,Sequential,2160p,0,1,,,,9928.28,,OK
Gauss,OpenMP,2160p,0,1,,,,1665.35,12,OK
Gauss,CUDA,2160p,0,1,4.60925,2.52611,3.91056,11.0533,,OK
Gauss,Sequential,2160p,0,2,,,,9944.14,,OK
Gauss,OpenMP,2160p,0,2,,,,1664.23,12,OK
Gauss,CUDA,2160p,0,2,4.20781,2.55555,3.97542,10.7479,,OK
Gauss,Sequential,2160p,0,3,,,,9937.76,,OK
Gauss,OpenMP,2160p,0,3,,,,1666.73,12,OK
Gauss,CUDA,2160p,0,3,3.9767,3.66461,4.04768,11.6965,,OK
Gauss,Sequential,2160p,0,4,,,,9934.89,,OK
Gauss,OpenMP,2160p,0,4,,,,1664.77,12,OK
Gauss,CUDA,2160p,0,4,4.11245,2.57834,3.97366,10.673,,OK
Sobel,Sequential,2160p,0,0,,,,1913.83,,OK
Sobel,OpenMP,2160p,0,0,,,,333.918,12,OK
Sobel,CUDA,2160p,0,0,1.67232,0.489824,1.33299,3.50336,,OK
Sobel,Sequential,2160p,0,1,,,,1915.43,,OK
Sobel,OpenMP,2160p,0,1,,,,333.503,12,OK
Sobel,CUDA,2160p,0,1,1.55302,0.55536,1.34531,3.46074,,OK
Sobel,Sequential,2160p,0,2,,,,1906.64,,OK
Sobel,OpenMP,2160p,0,2,,,,336.901,12,OK
Sobel,CUDA,2160p,0,2,1.5344,0.481536,1.32294,3.34704,,OK
Sobel,Sequential,2160p,0,3,,,,1903.91,,OK
Sobel,OpenMP,2160p,0,3,,,,333.083,12,OK
Sobel,CUDA,2160p,0,3,1.60096,0.49584,1.4457,3.55062,,OK
Sobel,Sequential,2160p,0,4,,,,1931.83,,OK
Sobel,OpenMP,2160p,0,4,,,,330.429,12,OK
Sobel,CUDA,2160p,0,4,1.54221,0.482688,1.46995,3.50224,,OK
Unsharp,Sequential,2160p,0,0,,,,11285.5,,OK
Unsharp,OpenMP,2160p,0,0,,,,1883.17,12,OK
Unsharp,CUDA,2160p,0,0,4.5969,3.34771,3.98998,11.9427,,OK
Unsharp,Sequential,2160p,0,1,,,,11290.3,,OK
Unsharp,OpenMP,2160p,0,1,,,,1885.6,12,OK
Unsharp,CUDA,2160p,0,1,4.96768,4.00077,3.86227,12.8382,,OK
Unsharp,Sequential,2160p,0,2,,,,11290,,OK
Unsharp,OpenMP,2160p,0,2,,,,1887.35,12,OK
Unsharp,CUDA,2160p,0,2,4.11178,4.05328,4.02806,12.2007,,OK
Unsharp,Sequential,2160p,0,3,,,,11298.6,,OK
Unsharp,OpenMP,2160p,0,3,,,,1877.76,12,OK
Unsharp,CUDA,2160p,0,3,5.3305,3.39459,3.92566,12.6601,,OK
Unsharp,Sequential,2160p,0,4,,,,11283.1,,OK
Unsharp,OpenMP,2160p,0,4,,,,1881.03,12,OK
Unsharp,CUDA,2160p,0,4,4.87581,4.37446,4.40576,13.6639,,OK
HistEqual,Sequential,2160p,0,0,,,,334.383,,OK
HistEqual,OpenMP,2160p,0,0,,,,77.8962,12,OK
HistEqual,CUDA,2160p,0,0,1.46694,0.95728,1.33187,3.76342,,OK
HistEqual,Sequential,2160p,0,1,,,,319.974,,OK
HistEqual,OpenMP,2160p,0,1,,,,77.0727,12,OK
HistEqual,CUDA,2160p,0,1,1.56941,0.92032,1.29597,3.79299,,OK
HistEqual,Sequential,2160p,0,2,,,,322.745,,OK
HistEqual,OpenMP,2160p,0,2,,,,73.6294,12,OK
HistEqual,CUDA,2160p,0,2,1.6224,0.943136,1.30134,3.87434,,OK
HistEqual,Sequential,2160p,0,3,,,,324.906,,OK
HistEqual,OpenMP,2160p,0,3,,,,77.5807,12,OK
HistEqual,CUDA,2160p,0,3,1.65024,0.956256,1.30848,3.9223,,OK
HistEqual,Sequential,2160p,0,4,,,,323.386,,OK
HistEqual,OpenMP,2160p,0,4,,,,74.7757,12,OK
HistEqual,CUDA,2160p,0,4,1.64458,1.21994,1.58906,4.46192,,OK
Invert,Sequential,2160p,1,0,,,,362.919,,OK
Invert,OpenMP,2160p,1,0,,,,82.5623,12,OK
Invert,CUDA,2160p,1,0,4.9264,1.56611,4.63453,11.1348,,OK
Invert,Sequential,2160p,1,1,,,,377.886,,OK
Invert,OpenMP,2160p,1,1,,,,82.1786,12,OK
Invert,CUDA,2160p,1,1,4.94048,1.32954,4.30826,10.5875,,OK
Invert,Sequential,2160p,1,2,,,,373.016,,OK
Invert,OpenMP,2160p,1,2,,,,82.8736,12,OK
Invert,CUDA,2160p,1,2,5.87046,0.834624,4.23222,10.9452,,OK
Invert,Sequential,2160p,1,3,,,,375.131,,OK
Invert,OpenMP,2160p,1,3,,,,82.6779,12,OK
Invert,CUDA,2160p,1,3,6.10048,0.875392,4.17741,11.1609,,OK
Invert,Sequential,2160p,1,4,,,,372.177,,OK
Invert,OpenMP,2160p,1,4,,,,82.5074,12,OK
Invert,CUDA,2160p,1,4,4.5977,0.845696,4.45053,9.90195,,OK
Gauss,Sequential,2160p,1,0,,,,9936.85,,OK
Gauss,OpenMP,2160p,1,0,,,,1664.06,12,OK
Gauss,CUDA,2160p,1,0,4.67414,2.5233,4.12883,11.3341,,OK
Gauss,Sequential,2160p,1,1,,,,9942.04,,OK
Gauss,OpenMP,2160p,1,1,,,,1663.49,12,OK
Gauss,CUDA,2160p,1,1,4.88038,2.52902,4.00512,11.4228,,OK
Gauss,Sequential,2160p,1,2,,,,9951.61,,OK
Gauss,OpenMP,2160p,1,2,,,,1658.98,12,OK
Gauss,CUDA,2160p,1,2,4.6271,2.5193,4.04509,11.1992,,OK
Gauss,Sequential,2160p,1,3,,,,9951.81,,OK
Gauss,OpenMP,2160p,1,3,,,,1893.2,12,OK
Gauss,CUDA,2160p,1,3,4.56954,4.25174,4.63802,13.4669,,OK
Gauss,Sequential,2160p,1,4,,,,10121.5,,OK
Gauss,OpenMP,2160p,1,4,,,,1678.36,12,OK
Gauss,CUDA,2160p,1,4,4.51229,2.52138,4.03846,11.0793,,OK
Sobel,Sequential,2160p,1,0,,,,1920.34,,OK
Sobel,OpenMP,2160p,1,0,,,,332.352,12,OK
Sobel,CUDA,2160p,1,0,1.59136,0.483744,1.31584,3.39875,,OK
Sobel,Sequential,2160p,1,1,,,,1905.59,,OK
Sobel,OpenMP,2160p,1,1,,,,337.679,12,OK
Sobel,CUDA,2160p,1,1,1.82534,0.542976,1.42605,3.80285,,OK
Sobel,Sequential,2160p,1,2,,,,1908.58,,OK
Sobel,OpenMP,2160p,1,2,,,,332.911,12,OK
Sobel,CUDA,2160p,1,2,1.52035,0.485408,1.33334,3.34624,,OK
Sobel,Sequential,2160p,1,3,,,,1911.68,,OK
Sobel,OpenMP,2160p,1,3,,,,332.7,12,OK
Sobel,CUDA,2160p,1,3,1.55261,0.48736,1.39638,3.44435,,OK
Sobel,Sequential,2160p,1,4,,,,1916.61,,OK
Sobel,OpenMP,2160p,1,4,,,,332.245,12,OK
Sobel,CUDA,2160p,1,4,1.5481,0.483296,1.40838,3.44797,,OK
Unsharp,Sequential,2160p,1,0,,,,11297.5,,OK
Unsharp,OpenMP,2160p,1,0,,,,1888.88,12,OK
Unsharp,CUDA,2160p,1,0,4.84826,3.24426,4.7505,12.8507,,OK
Unsharp,Sequential,2160p,1,1,,,,11257.5,,OK
Unsharp,OpenMP,2160p,1,1,,,,1878.42,12,OK
Unsharp,CUDA,2160p,1,1,4.02957,3.23792,3.84253,11.118,,OK
Unsharp,Sequential,2160p,1,2,,,,11313.9,,OK
Unsharp,OpenMP,2160p,1,2,,,,1884.48,12,OK
Unsharp,CUDA,2160p,1,2,5.14358,3.23616,3.73066,12.1182,,OK
Unsharp,Sequential,2160p,1,3,,,,11311.2,,OK
Unsharp,OpenMP,2160p,1,3,,,,1877.56,12,OK
Unsharp,CUDA,2160p,1,3,4.98419,4.15968,4.06726,13.2188,,OK
Unsharp,Sequential,2160p,1,4,,,,11263.6,,OK
Unsharp,OpenMP,2160p,1,4,,,,1886.15,12,OK
Unsharp,CUDA,2160p,1,4,4.12173,3.25626,4.07258,11.4582,,OK
HistEqual,Sequential,2160p,1,0,,,,334.062,,OK
HistEqual,OpenMP,2160p,1,0,,,,73.1648,12,OK
HistEqual,CUDA,2160p,1,0,1.62358,0.95856,1.35754,3.94669,,OK
HistEqual,Sequential,2160p,1,1,,,,315.946,,OK
HistEqual,OpenMP,2160p,1,1,,,,77.2758,12,OK
HistEqual,CUDA,2160p,1,1,1.56422,0.943872,1.29373,3.80822,,OK
HistEqual,Sequential,2160p,1,2,,,,319.297,,OK
HistEqual,OpenMP,2160p,1,2,,,,73.317,12,OK
HistEqual,CUDA,2160p,1,2,1.50922,0.950848,1.40003,3.86771,,OK
HistEqual,Sequential,2160p,1,3,,,,325.125,,OK
HistEqual,OpenMP,2160p,1,3,,,,76.3566,12,OK
HistEqual,CUDA,2160p,1,3,1.56621,0.92864,1.32608,3.82826,,OK
HistEqual,Sequential,2160p,1,4,,,,324.232,,OK
HistEqual,OpenMP,2160p,1,4,,,,74.569,12,OK
HistEqual,CUDA,2160p,1,4,1.58397,1.0145,1.44768,4.05322,,OK
Invert,Sequential,2160p,2,0,,,,366.933,,OK
Invert,OpenMP,2160p,2,0,,,,83.3398,12,OK
Invert,CUDA,2160p,2,0,4.93059,1.73859,4.00762,10.6837,,OK
Invert,Sequential,2160p,2,1,,,,378.63,,OK
Invert,OpenMP,2160p,2,1,,,,81.7748,12,OK
Invert,CUDA,2160p,2,1,5.55862,1.17952,5.41994,12.1664,,OK
Invert,Sequential,2160p,2,2,,,,375.318,,OK
Invert,OpenMP,2160p,2,2,,,,86.0073,12,OK
Invert,CUDA,2160p,2,2,4.71728,0.798816,4.30922,9.83216,,OK
Invert,Sequential,2160p,2,3,,,,375.2,,OK
Invert,OpenMP,2160p,2,3,,,,82.0384,12,OK
Invert,CUDA,2160p,2,3,4.35971,1.70051,4.09715,10.1652,,OK
Invert,Sequential,2160p,2,4,,,,380.242,,OK
Invert,OpenMP,2160p,2,4,,,,86.3112,12,OK
Invert,CUDA,2160p,2,4,4.84346,0.801248,4.21459,9.86688,,OK
Gauss,Sequential,2160p,2,0,,,,9932.25,,OK
Gauss,OpenMP,2160p,2,0,,,,1665.63,12,OK
Gauss,CUDA,2160p,2,0,4.99923,2.5289,4.2585,11.7956,,OK
Gauss,Sequential,2160p,2,1,,,,9931.15,,OK
Gauss,OpenMP,2160p,2,1,,,,1659.77,12,OK
Gauss,CUDA,2160p,2,1,4.58416,2.6353,4.03654,11.2639,,OK
Gauss,Sequential,2160p,2,2,,,,9924.59,,OK
Gauss,OpenMP,2160p,2,2,,,,1673.86,12,OK
Gauss,CUDA,2160p,2,2,4.19638,2.56826,3.94698,10.7231,,OK
Gauss,Sequential,2160p,2,3,,,,9943.04,,OK
Gauss,OpenMP,2160p,2,3,,,,1662.05,12,OK
Gauss,CUDA,2160p,2,3,4.0631,3.70883,4.11994,11.8992,,OK
Gauss,Sequential,2160p,2,4,,,,9934.05,,OK
Gauss,OpenMP,2160p,2,4,,,,1672.32,12,OK
Gauss,CUDA,2160p,2,4,4.34394,2.54093,4.04621,10.9388,,OK
Sobel,Sequential,2160p,2,0,,,,1916.78,,OK
Sobel,OpenMP,2160p,2,0,,,,331.707,12,OK
Sobel,CUDA,2160p,2,0,1.65789,0.49664,1.51558,3.67942,,OK
Sobel,Sequential,2160p,2,1,,,,1904.64,,OK
Sobel,OpenMP,2160p,2,1,,,,331.834,12,OK
Sobel,CUDA,2160p,2,1,1.63462,0.486016,1.35501,3.48374,,OK
Sobel,Sequential,2160p,2,2,,,,1908.55,,OK
Sobel,OpenMP,2160p,2,2,,,,332.826,12,OK
Sobel,CUDA,2160p,2,2,1.54483,0.491392,1.41818,3.46266,,OK
Sobel,Sequential,2160p,2,3,,,,1903.6,,OK
Sobel,OpenMP,2160p,2,3,,,,332.762,12,OK
Sobel,CUDA,2160p,2,3,1.55021,0.484768,1.3177,3.36086,,OK
Sobel,Sequential,2160p,2,4,,,,1909.87,,OK
Sobel,OpenMP,2160p,2,4,,,,332.309,12,OK
Sobel,CUDA,2160p,2,4,1.53834,0.48624,1.36726,3.4001,,OK
Unsharp,Sequential,2160p,2,0,,,,11273.3,,OK
Unsharp,OpenMP,2160p,2,0,,,,1876.37,12,OK
Unsharp,CUDA,2160p,2,0,4.65091,3.28477,4.2055,12.1498,,OK
Unsharp,Sequential,2160p,2,1,,,,11294.8,,OK
Unsharp,OpenMP,2160p,2,1,,,,1879.36,12,OK
Unsharp,CUDA,2160p,2,1,4.36493,4.42992,4.11968,12.9225,,OK
Unsharp,Sequential,2160p,2,2,,,,11304,,OK
Unsharp,OpenMP,2160p,2,2,,,,1880.27,12,OK
Unsharp,CUDA,2160p,2,2,4.51846,3.22963,3.81216,11.5673,,OK
Unsharp,Sequential,2160p,2,3,,,,11295.9,,OK
Unsharp,OpenMP,2160p,2,3,,,,1910.03,12,OK
Unsharp,CUDA,2160p,2,3,4.65741,3.22422,3.87728,11.7668,,OK
Unsharp,Sequential,2160p,2,4,,,,11283.9,,OK
Unsharp,OpenMP,2160p,2,4,,,,1882.33,12,OK
Unsharp,CUDA,2160p,2,4,4.48784,4.39357,3.97517,12.8641,,OK
HistEqual,Sequential,2160p,2,0,,,,334.532,,OK
HistEqual,OpenMP,2160p,2,0,,,,74.0326,12,OK
HistEqual,CUDA,2160p,2,0,1.52573,0.939424,1.31459,3.78707,,OK
HistEqual,Sequential,2160p,2,1,,,,322.408,,OK
HistEqual,OpenMP,2160p,2,1,,,,79.4764,12,OK
HistEqual,CUDA,2160p,2,1,1.61603,0.959712,1.31773,3.90083,,OK
HistEqual,Sequential,2160p,2,2,,,,321.656,,OK
HistEqual,OpenMP,2160p,2,2,,,,74.8481,12,OK
HistEqual,CUDA,2160p,2,2,1.61622,0.984096,1.31056,3.91824,,OK
HistEqual,Sequential,2160p,2,3,,,,322.714,,OK
HistEqual,OpenMP,2160p,2,3,,,,77.6174,12,OK
HistEqual,CUDA,2160p,2,3,1.50918,1.01843,1.67002,4.20538,,OK
HistEqual,Sequential,2160p,2,4,,,,320.91,,OK
HistEqual,OpenMP,2160p,2,4,,,,73.1966,12,OK
HistEqual,CUDA,2160p,2,4,1.61699,1.01734,1.41725,4.05888,,OK
Invert,Sequential,2160p,3,0,,,,359.381,,OK
Invert,OpenMP,2160p,3,0,,,,81.709,12,OK
Invert,CUDA,2160p,3,0,5.09904,0.865792,4.16339,10.1362,,OK
Invert,Sequential,2160p,3,1,,,,375.858,,OK
Invert,OpenMP,2160p,3,1,,,,82.7109,12,OK
Invert,CUDA,2160p,3,1,5.33411,0.849056,4.07184,10.262,,OK
Invert,Sequential,2160p,3,2,,,,371.925,,OK
Invert,OpenMP,2160p,3,2,,,,83.9203,12,OK
Invert,CUDA,2160p,3,2,4.684,0.856032,4.36259,9.91082,,OK
Invert,Sequential,2160p,3,3,,,,372.592,,OK
Invert,OpenMP,2160p,3,3,,,,82.7105,12,OK
Invert,CUDA,2160p,3,3,4.93024,0.862496,4.02621,9.8271,,OK
Invert,Sequential,2160p,3,4,,,,374.238,,OK
Invert,OpenMP,2160p,3,4,,,,82.992,12,OK
Invert,CUDA,2160p,3,4,4.88842,1.6913,3.80624,10.3939,,OK
Gauss,Sequential,2160p,3,0,,,,9965.42,,OK
Gauss,OpenMP,2160p,3,0,,,,1666.91,12,OK
Gauss,CUDA,2160p,3,0,3.98618,3.65498,3.85376,11.5023,,OK
Gauss,Sequential,2160p,3,1,,,,9945.24,,OK
Gauss,OpenMP,2160p,3,1,,,,1682.01,12,OK
Gauss,CUDA,2160p,3,1,4.58982,2.52422,4.38352,11.5055,,OK
Gauss,Sequential,2160p,3,2,,,,9912.2,,OK
Gauss,OpenMP,2160p,3,2,,,,1660.72,12,OK
Gauss,CUDA,2160p,3,2,4.21475,2.52493,3.98355,10.7303,,OK
Gauss,Sequential,2160p,3,3,,,,9910.43,,OK
Gauss,OpenMP,2160p,3,3,,,,1663.27,12,OK
Gauss,CUDA,2160p,3,3,3.98214,3.66986,3.86349,11.522,,OK
Gauss,Sequential,2160p,3,4,,,,9938.6,,OK
Gauss,OpenMP,2160p,3,4,,,,1664.19,12,OK
Gauss,CUDA,2160p,3,4,4.53968,2.52499,3.99011,11.063,,OK
Sobel,Sequential,2160p,3,0,,,,1913.55,,OK
Sobel,OpenMP,2160p,3,0,,,,332.222,12,OK
Sobel,CUDA,2160p,3,0,1.51926,0.48496,1.35398,3.36518,,OK
Sobel,Sequential,2160p,3,1,,,,1905.92,,OK
Sobel,OpenMP,2160p,3,1,,,,330.56,12,OK
Sobel,CUDA,2160p,3,1,1.58605,0.482624,1.34342,3.42029,,OK
Sobel,Sequential,2160p,3,2,,,,1909.69,,OK
Sobel,OpenMP,2160p,3,2,,,,329.72,12,OK
Sobel,CUDA,2160p,3,2,1.55046,0.50112,1.33363,3.39328,,OK
Sobel,Sequential,2160p,3,3,,,,1902.7,,OK
Sobel,OpenMP,2160p,3,3,,,,329.918,12,OK
Sobel,CUDA,2160p,3,3,1.51677,0.484416,1.3496,3.35795,,OK
Sobel,Sequential,2160p,3,4,,,,1909.09,,OK
Sobel,OpenMP,2160p,3,4,,,,329.045,12,OK
Sobel,CUDA,2160p,3,4,1.53683,0.486144,1.41341,3.44339,,OK
Unsharp,Sequential,2160p,3,0,,,,11256.4,,OK
Unsharp,OpenMP,2160p,3,0,,,,1877.54,12,OK
Unsharp,CUDA,2160p,3,0,5.01942,3.23766,3.85824,12.1243,,OK
Unsharp,Sequential,2160p,3,1,,,,11293.1,,OK
Unsharp,OpenMP,2160p,3,1,,,,1876.28,12,OK
Unsharp,CUDA,2160p,3,1,4.89859,3.28931,3.74074,11.9358,,OK
Unsharp,Sequential,2160p,3,2,,,,11272.1,,OK
Unsharp,OpenMP,2160p,3,2,,,,1872.14,12,OK
Unsharp,CUDA,2160p,3,2,4.39642,3.23699,3.70467,11.3464,,OK
Unsharp,Sequential,2160p,3,3,,,,11278.6,,OK
Unsharp,OpenMP,2160p,3,3,,,,1881.18,12,OK
Unsharp,CUDA,2160p,3,3,4.2481,3.63171,4.14861,12.0359,,OK
Unsharp,Sequential,2160p,3,4,,,,11262.3,,OK
Unsharp,OpenMP,2160p,3,4,,,,1889.61,12,OK
Unsharp,CUDA,2160p,3,4,5.28048,3.38054,4.06464,12.7341,,OK
HistEqual,Sequential,2160p,3,0,,,,336.078,,OK
HistEqual,OpenMP,2160p,3,0,,,,78.6235,12,OK
HistEqual,CUDA,2160p,3,0,1.51363,0.9456,1.32493,3.79123,,OK
HistEqual,Sequential,2160p,3,1,,,,321.329,,OK
HistEqual,OpenMP,2160p,3,1,,,,77.202,12,OK
HistEqual,CUDA,2160p,3,1,1.50675,0.931776,1.33622,3.78106,,OK
HistEqual,Sequential,2160p,3,2,,,,321.61,,OK
HistEqual,OpenMP,2160p,3,2,,,,73.1368,12,OK
HistEqual,CUDA,2160p,3,2,1.69949,0.993024,1.4608,4.16067,,OK
HistEqual,Sequential,2160p,3,3,,,,323.206,,OK
HistEqual,OpenMP,2160p,3,3,,,,74.9186,12,OK
HistEqual,CUDA,2160p,3,3,1.5488,0.958464,1.30813,3.82368,,OK
HistEqual,Sequential,2160p,3,4,,,,323.617,,OK
HistEqual,OpenMP,2160p,3,4,,,,73.1202,12,OK
HistEqual,CUDA,2160p,3,4,1.53213,0.955552,1.31594,3.81091,,OK
Invert,Sequential,2160p,4,0,,,,365.764,,OK
Invert,OpenMP,2160p,4,0,,,,81.8177,12,OK
Invert,CUDA,2160p,4,0,4.50656,0.818624,3.75126,9.08522,,OK
Invert,Sequential,2160p,4,1,,,,378.619,,OK
Invert,OpenMP,2160p,4,1,,,,83.6832,12,OK
Invert,CUDA,2160p,4,1,4.07149,0.805408,4.31002,9.19478,,OK
Invert,Sequential,2160p,4,2,,,,374.591,,OK
Invert,OpenMP,2160p,4,2,,,,82.103,12,OK
Invert,CUDA,2160p,4,2,5.67082,0.846368,4.3928,10.9182,,OK
Invert,Sequential,2160p,4,3,,,,375.334,,OK
Invert,OpenMP,2160p,4,3,,,,82.4879,12,OK
Invert,CUDA,2160p,4,3,5.03456,1.01331,3.96918,10.0248,,OK
Invert,Sequential,2160p,4,4,,,,374.192,,OK
Invert,OpenMP,2160p,4,4,,,,81.3634,12,OK
Invert,CUDA,2160p,4,4,4.3089,1.55936,4.69514,10.5716,,OK
Gauss,Sequential,2160p,4,0,,,,9914.07,,OK
Gauss,OpenMP,2160p,4,0,,,,1658.53,12,OK
Gauss,CUDA,2160p,4,0,4.06982,3.68086,3.79661,11.5548,,OK
Gauss,Sequential,2160p,4,1,,,,9934.91,,OK
Gauss,OpenMP,2160p,4,1,,,,1661.48,12,OK
Gauss,CUDA,2160p,4,1,4.53789,2.52131,4.02915,11.0963,,OK
Gauss,Sequential,2160p,4,2,,,,9919.17,,OK
Gauss,OpenMP,2160p,4,2,,,,1661.06,12,OK
Gauss,CUDA,2160p,4,2,4.37834,2.5417,4.29594,11.2239,,OK
Gauss,Sequential,2160p,4,3,,,,9907.05,,OK
Gauss,OpenMP,2160p,4,3,,,,1663.76,12,OK
Gauss,CUDA,2160p,4,3,4.32438,2.53379,4.05526,10.9212,,OK
Gauss,Sequential,2160p,4,4,,,,9913.14,,OK
Gauss,OpenMP,2160p,4,4,,,,1679.57,12,OK
Gauss,CUDA,2160p,4,4,4.48995,2.52006,4.02614,11.044,,OK
Sobel,Sequential,2160p,4,0,,,,1920.38,,OK
Sobel,OpenMP,2160p,4,0,,,,334.493,12,OK
Sobel,CUDA,2160p,4,0,1.54403,0.487232,1.41344,3.45274,,OK
Sobel,Sequential,2160p,4,1,,,,1907.85,,OK
Sobel,OpenMP,2160p,4,1,,,,331.995,12,OK
Sobel,CUDA,2160p,4,1,1.55053,0.49216,1.4631,3.51299,,OK
Sobel,Sequential,2160p,4,2,,,,1913.33,,OK
Sobel,OpenMP,2160p,4,2,,,,335.976,12,OK
Sobel,CUDA,2160p,4,2,1.59818,0.501312,1.34291,3.45046,,OK
Sobel,Sequential,2160p,4,3,,,,1909.5,,OK
Sobel,OpenMP,2160p,4,3,,,,333.502,12,OK
Sobel,CUDA,2160p,4,3,1.5375,0.49088,1.45133,3.48874,,OK
Sobel,Sequential,2160p,4,4,,,,1911.78,,OK
Sobel,OpenMP,2160p,4,4,,,,330.769,12,OK
Sobel,CUDA,2160p,4,4,1.61376,0.487456,1.34973,3.45808,,OK
Unsharp,Sequential,2160p,4,0,,,,11279.5,,OK
Unsharp,OpenMP,2160p,4,0,,,,1884.14,12,OK
Unsharp,CUDA,2160p,4,0,4.8727,4.40432,4.59043,13.8752,,OK
Unsharp,Sequential,2160p,4,1,,,,11299.6,,OK
Unsharp,OpenMP,2160p,4,1,,,,1876.85,12,OK
Unsharp,CUDA,2160p,4,1,4.6233,3.24502,3.86646,11.7428,,OK
Unsharp,Sequential,2160p,4,2,,,,11285.1,,OK
Unsharp,OpenMP,2160p,4,2,,,,1877.46,12,OK
Unsharp,CUDA,2160p,4,2,5.1304,3.22586,3.97549,12.3397,,OK
Unsharp,Sequential,2160p,4,3,,,,11318.8,,OK
Unsharp,OpenMP,2160p,4,3,,,,1882.22,12,OK
Unsharp,CUDA,2160p,4,3,5.10493,3.3568,3.85421,12.3248,,OK
Unsharp,Sequential,2160p,4,4,,,,11291.1,,OK
Unsharp,OpenMP,2160p,4,4,,,,1888.02,12,OK
Unsharp,CUDA,2160p,4,4,4.6736,3.2367,4.39181,12.3103,,OK
HistEqual,Sequential,2160p,4,0,,,,329.353,,OK
HistEqual,OpenMP,2160p,4,0,,,,73.0221,12,OK
HistEqual,CUDA,2160p,4,0,1.52003,0.921824,1.38086,3.83088,,OK
HistEqual,Sequential,2160p,4,1,,,,324.295,,OK
HistEqual,OpenMP,2160p,4,1,,,,73.5728,12,OK
HistEqual,CUDA,2160p,4,1,1.61485,0.989568,1.34675,3.9585,,OK
HistEqual,Sequential,2160p,4,2,,,,322.657,,OK
HistEqual,OpenMP,2160p,4,2,,,,77.4597,12,OK
HistEqual,CUDA,2160p,4,2,1.53504,1.01408,1.31338,3.87002,,OK
HistEqual,Sequential,2160p,4,3,,,,321.885,,OK
HistEqual,OpenMP,2160p,4,3,,,,74.1046,12,OK
HistEqual,CUDA,2160p,4,3,1.53798,0.926304,1.30467,3.7761,,OK
HistEqual,Sequential,2160p,4,4,,,,320.493,,OK
HistEqual,OpenMP,2160p,4,4,,,,74.6845,12,OK
HistEqual,CUDA,2160p,4,4,1.59658,0.993536,1.53626,4.13376,,OK
Invert,Sequential,2160p,5,0,,,,363.432,,OK
Invert,OpenMP,2160p,5,0,,,,82.4267,12,OK
Invert,CUDA,2160p,5,0,4.46771,1.3185,4.26541,10.0607,,OK
Invert,Sequential,2160p,5,1,,,,374.654,,OK
Invert,OpenMP,2160p,5,1,,,,83.2994,12,OK
Invert,CUDA,2160p,5,1,5.16371,0.85712,4.48083,10.5109,,OK
Invert,Sequential,2160p,5,2,,,,374.126,,OK
Invert,OpenMP,2160p,5,2,,,,82.7588,12,OK
Invert,CUDA,2160p,5,2,5.49286,0.839264,4.06387,10.4044,,OK
Invert,Sequential,2160p,5,3,,,,376.837,,OK
Invert,OpenMP,2160p,5,3,,,,84.673,12,OK
Invert,CUDA,2160p,5,3,4.74278,1.80602,3.78819,10.3447,,OK
Invert,Sequential,2160p,5,4,,,,372.759,,OK
Invert,OpenMP,2160p,5,4,,,,83.7676,12,OK
Invert,CUDA,2160p,5,4,4.75098,0.83088,4.26243,9.85245,,OK
Gauss,Sequential,2160p,5,0,,,,9945.94,,OK
Gauss,OpenMP,2160p,5,0,,,,1660.11,12,OK
Gauss,CUDA,2160p,5,0,4.81942,2.51747,4.15766,11.5031,,OK
Gauss,Sequential,2160p,5,1,,,,9941.86,,OK
Gauss,OpenMP,2160p,5,1,,,,1668.31,12,OK
Gauss,CUDA,2160p,5,1,4.29011,2.56474,4.50502,11.369,,OK
Gauss,Sequential,2160p,5,2,,,,9924.17,,OK
Gauss,OpenMP,2160p,5,2,,,,1664.3,12,OK
Gauss,CUDA,2160p,5,2,4.42298,2.52003,4.11728,11.0681,,OK
Gauss,Sequential,2160p,5,3,,,,9925.89,,OK
Gauss,OpenMP,2160p,5,3,,,,1662.69,12,OK
Gauss,CUDA,2160p,5,3,4.39981,2.52362,3.92266,10.8542,,OK
Gauss,Sequential,2160p,5,4,,,,9908.88,,OK
Gauss,OpenMP,2160p,5,4,,,,1657.86,12,OK
Gauss,CUDA,2160p,5,4,4.4601,2.65059,4.08486,11.2035,,OK
Sobel,Sequential,2160p,5,0,,,,1916.05,,OK
Sobel,OpenMP,2160p,5,0,,,,335.003,12,OK
Sobel,CUDA,2160p,5,0,1.54125,0.490528,1.40224,3.44134,,OK
Sobel,Sequential,2160p,5,1,,,,1912.76,,OK
Sobel,OpenMP,2160p,5,1,,,,331.774,12,OK
Sobel,CUDA,2160p,5,1,1.6201,0.488576,1.3248,3.44192,,OK
Sobel,Sequential,2160p,5,2,,,,1921.63,,OK
Sobel,OpenMP,2160p,5,2,,,,333.877,12,OK
Sobel,CUDA,2160p,5,2,1.51754,0.488352,1.32221,3.33667,,OK
Sobel,Sequential,2160p,5,3,,,,1908.06,,OK
Sobel,OpenMP,2160p,5,3,,,,328.896,12,OK
Sobel,CUDA,2160p,5,3,1.57114,0.481536,1.35981,3.42064,,OK
Sobel,Sequential,2160p,5,4,,,,1913.21,,OK
Sobel,OpenMP,2160p,5,4,,,,336.347,12,OK
Sobel,CUDA,2160p,5,4,1.58358,0.490592,1.31267,3.39504,,OK
Unsharp,Sequential,2160p,5,0,,,,11259,,OK
Unsharp,OpenMP,2160p,5,0,,,,1876.19,12,OK
Unsharp,CUDA,2160p,5,0,4.83562,3.22848,4.01946,12.0918,,OK
Unsharp,Sequential,2160p,5,1,,,,11280,,OK
Unsharp,OpenMP,2160p,5,1,,,,1877.33,12,OK
Unsharp,CUDA,2160p,5,1,4.67728,3.22931,3.90934,11.8238,,OK
Unsharp,Sequential,2160p,5,2,,,,11291.3,,OK
Unsharp,OpenMP,2160p,5,2,,,,1879.17,12,OK
Unsharp,CUDA,2160p,5,2,4.33059,4.392,4.12848,12.8578,,OK
Unsharp,Sequential,2160p,5,3,,,,11279,,OK
Unsharp,OpenMP,2160p,5,3,,,,1882.4,12,OK
Unsharp,CUDA,2160p,5,3,4.63581,3.39523,3.99562,12.0349,,OK
Unsharp,Sequential,2160p,5,4,,,,11265.3,,OK
Unsharp,OpenMP,2160p,5,4,,,,1881.38,12,OK
Unsharp,CUDA,2160p,5,4,4.47258,3.23827,4.05619,11.7749,,OK
HistEqual,Sequential,2160p,5,0,,,,332.041,,OK
HistEqual,OpenMP,2160p,5,0,,,,88.6075,12,OK
HistEqual,CUDA,2160p,5,0,1.68451,0.942432,1.3231,3.95734,,OK
HistEqual,Sequential,2160p,5,1,,,,318.356,,OK
HistEqual,OpenMP,2160p,5,1,,,,75.8727,12,OK
HistEqual,CUDA,2160p,5,1,1.55165,0.930944,1.39354,3.88346,,OK
HistEqual,Sequential,2160p,5,2,,,,322.202,,OK
HistEqual,OpenMP,2160p,5,2,,,,73.8057,12,OK
HistEqual,CUDA,2160p,5,2,1.53693,0.928192,1.41632,3.88886,,OK
HistEqual,Sequential,2160p,5,3,,,,324.058,,OK
HistEqual,OpenMP,2160p,5,3,,,,74.9944,12,OK
HistEqual,CUDA,2160p,5,3,1.58176,0.929632,1.30835,3.82691,,OK
HistEqual,Sequential,2160p,5,4,,,,320.826,,OK
HistEqual,OpenMP,2160p,5,4,,,,76.6937,12,OK
HistEqual,CUDA,2160p,5,4,1.49434,0.927808,1.30614,3.73565,,OK
Invert,Sequential,2160p,6,0,,,,365.895,,OK
Invert,OpenMP,2160p,6,0,,,,86.5774,12,OK
Invert,CUDA,2160p,6,0,4.21888,0.86432,3.8153,8.90717,,OK
Invert,Sequential,2160p,6,1,,,,372.89,,OK
Invert,OpenMP,2160p,6,1,,,,82.8142,12,OK
Invert,CUDA,2160p,6,1,5.61536,0.846208,4.27683,10.7462,,OK
Invert,Sequential,2160p,6,2,,,,374.147,,OK
Invert,OpenMP,2160p,6,2,,,,83.2718,12,OK
Invert,CUDA,2160p,6,2,5.7016,0.800064,3.99792,10.5075,,OK
Invert,Sequential,2160p,6,3,,,,374.614,,OK
Invert,OpenMP,2160p,6,3,,,,81.627,12,OK
Invert,CUDA,2160p,6,3,4.48022,1.64918,5.10349,11.2406,,OK
Invert,Sequential,2160p,6,4,,,,375.763,,OK
Invert,OpenMP,2160p,6,4,,,,82.4587,12,OK
Invert,CUDA,2160p,6,4,4.57818,0.894624,3.90621,9.38822,,OK
Gauss,Sequential,2160p,6,0,,,,9935.17,,OK
Gauss,OpenMP,2160p,6,0,,,,1664.93,12,OK
Gauss,CUDA,2160p,6,0,4.44643,2.52819,3.95603,10.9375,,OK
Gauss,Sequential,2160p,6,1,,,,9930.73,,OK
Gauss,OpenMP,2160p,6,1,,,,1663.86,12,OK
Gauss,CUDA,2160p,6,1,4.27926,2.52442,4.14333,10.954,,OK
Gauss,Sequential,2160p,6,2,,,,9948.27,,OK
Gauss,OpenMP,2160p,6,2,,,,1663.04,12,OK
Gauss,CUDA,2160p,6,2,4.06458,2.53075,3.75821,10.3616,,OK
Gauss,Sequential,2160p,6,3,,,,9921.22,,OK
Gauss,OpenMP,2160p,6,3,,,,1667.55,12,OK
Gauss,CUDA,2160p,6,3,3.98259,3.66918,3.81306,11.4725,,OK
Gauss,Sequential,2160p,6,4,,,,9928.26,,OK
Gauss,OpenMP,2160p,6,4,,,,1663.93,12,OK
Gauss,CUDA,2160p,6,4,4.51142,2.52669,3.83683,10.8831,,OK
Sobel,Sequential,2160p,6,0,,,,1911.57,,OK
Sobel,OpenMP,2160p,6,0,,,,331.503,12,OK
Sobel,CUDA,2160p,6,0,1.54259,0.48464,1.33328,3.36749,,OK
Sobel,Sequential,2160p,6,1,,,,1915.57,,OK
Sobel,OpenMP,2160p,6,1,,,,329.849,12,OK
Sobel,CUDA,2160p,6,1,1.63606,0.487776,1.34243,3.47334,,OK
Sobel,Sequential,2160p,6,2,,,,1921.62,,OK
Sobel,OpenMP,2160p,6,2,,,,338.728,12,OK
Sobel,CUDA,2160p,6,2,1.57245,0.488544,1.32704,3.39622,,OK
Sobel,Sequential,2160p,6,3,,,,1900.4,,OK
Sobel,OpenMP,2160p,6,3,,,,334.198,12,OK
Sobel,CUDA,2160p,6,3,1.6839,0.494624,1.34086,3.52637,,OK
Sobel,Sequential,2160p,6,4,,,,1906.4,,OK
Sobel,OpenMP,2160p,6,4,,,,330.366,12,OK
Sobel,CUDA,2160p,6,4,1.58272,0.489728,1.31907,3.39974,,OK
Unsharp,Sequential,2160p,6,0,,,,11279.4,,OK
Unsharp,OpenMP,2160p,6,0,,,,1890.91,12,OK
Unsharp,CUDA,2160p,6,0,4.1657,3.29373,4.21968,11.688,,OK
Unsharp,Sequential,2160p,6,1,,,,11299.1,,OK
Unsharp,OpenMP,2160p,6,1,,,,1884.32,12,OK
Unsharp,CUDA,2160p,6,1,4.98829,3.24573,4.24666,12.4885,,OK
Unsharp,Sequential,2160p,6,2,,,,11282.6,,OK
Unsharp,OpenMP,2160p,6,2,,,,1879.07,12,OK
Unsharp,CUDA,2160p,6,2,4.94726,3.23619,3.82918,12.0207,,OK
Unsharp,Sequential,2160p,6,3,,,,11293.4,,OK
Unsharp,OpenMP,2160p,6,3,,,,1875.04,12,OK
Unsharp,CUDA,2160p,6,3,4.66234,3.22723,4.13808,12.0355,,OK
Unsharp,Sequential,2160p,6,4,,,,11300.2,,OK
Unsharp,OpenMP,2160p,6,4,,,,1881.66,12,OK
Unsharp,CUDA,2160p,6,4,4.80493,3.23075,4.00003,12.0441,,OK
HistEqual,Sequential,2160p,6,0,,,,330.909,,OK
HistEqual,OpenMP,2160p,6,0,,,,90.9043,12,OK
HistEqual,CUDA,2160p,6,0,1.51936,0.966272,1.44074,3.9337,,OK
HistEqual,Sequential,2160p,6,1,,,,322.094,,OK
HistEqual,OpenMP,2160p,6,1,,,,72.6622,12,OK
HistEqual,CUDA,2160p,6,1,1.69725,1.35904,1.35002,4.41315,,OK
HistEqual,Sequential,2160p,6,2,,,,324.315,,OK
HistEqual,OpenMP,2160p,6,2,,,,75.0185,12,OK
HistEqual,CUDA,2160p,6,2,1.60266,0.956736,1.37955,3.9464,,OK
HistEqual,Sequential,2160p,6,3,,,,321.435,,OK
HistEqual,OpenMP,2160p,6,3,,,,72.7295,12,OK
HistEqual,CUDA,2160p,6,3,1.53802,0.950688,1.32726,3.82323,,OK
HistEqual,Sequential,2160p,6,4,,,,319.676,,OK
HistEqual,OpenMP,2160p,6,4,,,,78.2365,12,OK
HistEqual,CUDA,2160p,6,4,1.55232,0.956928,1.31072,3.82726,,OK
Invert,Sequential,2160p,7,0,,,,363.5,,OK
Invert,OpenMP,2160p,7,0,,,,85.2252,12,OK
Invert,CUDA,2160p,7,0,4.43981,0.816288,3.73219,8.99536,,OK
Invert,Sequential,2160p,7,1,,,,376.391,,OK
Invert,OpenMP,2160p,7,1,,,,82.7814,12,OK
Invert,CUDA,2160p,7,1,4.48102,0.965344,5.26694,10.7228,,OK
Invert,Sequential,2160p,7,2,,,,374.444,,OK
Invert,OpenMP,2160p,7,2,,,,83.1847,12,OK
Invert,CUDA,2160p,7,2,5.42534,0.833856,3.77107,10.0383,,OK
Invert,Sequential,2160p,7,3,,,,373.026,,OK
Invert,OpenMP,2160p,7,3,,,,83.8219,12,OK
Invert,CUDA,2160p,7,3,4.89882,0.880448,4.34858,10.1362,,OK
Invert,Sequential,2160p,7,4,,,,375.14,,OK
Invert,OpenMP,2160p,7,4,,,,85.2112,12,OK
Invert,CUDA,2160p,7,4,4.42378,0.979712,5.14029,10.5526,,OK
Gauss,Sequential,2160p,7,0,,,,9922.73,,OK
Gauss,OpenMP,2160p,7,0,,,,1656.58,12,OK
Gauss,CUDA,2160p,7,0,4.55434,2.51568,4.06704,11.1438,,OK
Gauss,Sequential,2160p,7,1,,,,9938.68,,OK
Gauss,OpenMP,2160p,7,1,,,,1661.52,12,OK
Gauss,CUDA,2160p,7,1,4.47648,2.5281,4.1103,11.123,,OK
Gauss,Sequential,2160p,7,2,,,,9934.57,,OK
Gauss,OpenMP,2160p,7,2,,,,1654.73,12,OK
Gauss,CUDA,2160p,7,2,4.1071,3.69814,4.00963,11.8229,,OK
Gauss,Sequential,2160p,7,3,,,,9933.08,,OK
Gauss,OpenMP,2160p,7,3,,,,1665.85,12,OK
Gauss,CUDA,2160p,7,3,3.97437,3.68205,3.83059,11.4947,,OK
Gauss,Sequential,2160p,7,4,,,,9934.64,,OK
Gauss,OpenMP,2160p,7,4,,,,1666.98,12,OK
Gauss,CUDA,2160p,7,4,4.59072,2.51821,4.0769,11.193,,OK
Sobel,Sequential,2160p,7,0,,,,1920.96,,OK
Sobel,OpenMP,2160p,7,0,,,,346.028,12,OK
Sobel,CUDA,2160p,7,0,1.55536,0.496928,1.44317,3.50355,,OK
Sobel,Sequential,2160p,7,1,,,,1909.66,,OK
Sobel,OpenMP,2160p,7,1,,,,332.631,12,OK
Sobel,CUDA,2160p,7,1,1.53965,0.480544,1.35075,3.37907,,OK
Sobel,Sequential,2160p,7,2,,,,1904.33,,OK
Sobel,OpenMP,2160p,7,2,,,,335.581,12,OK
Sobel,CUDA,2160p,7,2,1.5408,0.487072,1.60912,3.64509,,OK
Sobel,Sequential,2160p,7,3,,,,1914.28,,OK
Sobel,OpenMP,2160p,7,3,,,,332.101,12,OK
Sobel,CUDA,2160p,7,3,1.62944,0.490464,1.36714,3.49408,,OK
Sobel,Sequential,2160p,7,4,,,,1907.76,,OK
Sobel,OpenMP,2160p,7,4,,,,332.924,12,OK
Sobel,CUDA,2160p,7,4,1.55242,0.490912,1.32573,3.37734,,OK
Unsharp,Sequential,2160p,7,0,,,,11264.5,,OK
Unsharp,OpenMP,2160p,7,0,,,,1890.85,12,OK
Unsharp,CUDA,2160p,7,0,4.4703,4.40752,3.94752,12.8331,,OK
Unsharp,Sequential,2160p,7,1,,,,11287.6,,OK
Unsharp,OpenMP,2160p,7,1,,,,1893.48,12,OK
Unsharp,CUDA,2160p,7,1,4.67082,3.24835,3.99123,11.9184,,OK
Unsharp,Sequential,2160p,7,2,,,,11280.3,,OK
Unsharp,OpenMP,2160p,7,2,,,,1876.84,12,OK
Unsharp,CUDA,2160p,7,2,4.32352,3.23731,3.78819,11.3559,,OK
Unsharp,Sequential,2160p,7,3,,,,11291.2,,OK
Unsharp,OpenMP,2160p,7,3,,,,1886.67,12,OK
Unsharp,CUDA,2160p,7,3,5.10029,3.24758,4.06323,12.418,,OK
Unsharp,Sequential,2160p,7,4,,,,11297.5,,OK
Unsharp,OpenMP,2160p,7,4,,,,1883.99,12,OK
Unsharp,CUDA,2160p,7,4,5.29699,3.2375,4.10051,12.645,,OK
HistEqual,Sequential,2160p,7,0,,,,335.509,,OK
HistEqual,OpenMP,2160p,7,0,,,,78.2606,12,OK
HistEqual,CUDA,2160p,7,0,1.81245,0.999872,1.52902,4.34864,,OK
HistEqual,Sequential,2160p,7,1,,,,315.915,,OK
HistEqual,OpenMP,2160p,7,1,,,,77.6351,12,OK
HistEqual,CUDA,2160p,7,1,1.51885,0.98032,1.33088,3.83821,,OK
HistEqual,Sequential,2160p,7,2,,,,319.364,,OK
HistEqual,OpenMP,2160p,7,2,,,,74.6403,12,OK
HistEqual,CUDA,2160p,7,2,1.5528,0.938976,1.31395,3.81309,,OK
HistEqual,Sequential,2160p,7,3,,,,322.662,,OK
HistEqual,OpenMP,2160p,7,3,,,,76.007,12,OK
HistEqual,CUDA,2160p,7,3,1.52198,1.42752,1.33066,4.28768,,OK
HistEqual,Sequential,2160p,7,4,,,,319.704,,OK
HistEqual,OpenMP,2160p,7,4,,,,75.8131,12,OK
HistEqual,CUDA,2160p,7,4,1.7295,1.00006,1.54998,4.28672,,OK
Invert,Sequential,2160p,8,0,,,,359.653,,OK
Invert,OpenMP,2160p,8,0,,,,83.4285,12,OK
Invert,CUDA,2160p,8,0,5.56486,0.834656,3.73293,10.1403,,OK
Invert,Sequential,2160p,8,1,,,,378.803,,OK
Invert,OpenMP,2160p,8,1,,,,82.1088,12,OK
Invert,CUDA,2160p,8,1,4.912,0.852256,4.68765,10.4598,,OK
Invert,Sequential,2160p,8,2,,,,378.832,,OK
Invert,OpenMP,2160p,8,2,,,,82.7859,12,OK
Invert,CUDA,2160p,8,2,5.04243,1.00701,3.9871,10.0447,,OK
Invert,Sequential,2160p,8,3,,,,375.109,,OK
Invert,OpenMP,2160p,8,3,,,,82.4466,12,OK
Invert,CUDA,2160p,8,3,4.54976,0.890656,4.79488,10.2441,,OK
Invert,Sequential,2160p,8,4,,,,373.85,,OK
Invert,OpenMP,2160p,8,4,,,,82.8743,12,OK
Invert,CUDA,2160p,8,4,5.34221,1.57213,5.12154,12.0446,,OK
Gauss,Sequential,2160p,8,0,,,,9958.18,,OK
Gauss,OpenMP,2160p,8,0,,,,1672.16,12,OK
Gauss,CUDA,2160p,8,0,4.36458,2.51958,4.00381,10.8948,,OK
Gauss,Sequential,2160p,8,1,,,,9923.7,,OK
Gauss,OpenMP,2160p,8,1,,,,1673.07,12,OK
Gauss,CUDA,2160p,8,1,4.12205,2.54186,3.95152,10.6246,,OK
Gauss,Sequential,2160p,8,2,,,,9924.67,,OK
Gauss,OpenMP,2160p,8,2,,,,1679.49,12,OK
Gauss,CUDA,2160p,8,2,4.53555,3.66227,3.97779,12.1832,,OK
Gauss,Sequential,2160p,8,3,,,,9925.49,,OK
Gauss,OpenMP,2160p,8,3,,,,1676.94,12,OK
Gauss,CUDA,2160p,8,3,4.58227,2.52048,3.89325,11.0029,,OK
Gauss,Sequential,2160p,8,4,,,,9913.02,,OK
Gauss,OpenMP,2160p,8,4,,,,1661.44,12,OK
Gauss,CUDA,2160p,8,4,4.53754,2.52227,3.98938,11.0569,,OK
Sobel,Sequential,2160p,8,0,,,,1922.59,,OK
Sobel,OpenMP,2160p,8,0,,,,331.284,12,OK
Sobel,CUDA,2160p,8,0,1.77293,0.525152,1.30464,3.60989,,OK
Sobel,Sequential,2160p,8,1,,,,1916.36,,OK
Sobel,OpenMP,2160p,8,1,,,,333.702,12,OK
Sobel,CUDA,2160p,8,1,1.60336,0.487808,1.33085,3.43018,,OK
Sobel,Sequential,2160p,8,2,,,,1912.78,,OK
Sobel,OpenMP,2160p,8,2,,,,334.94,12,OK
Sobel,CUDA,2160p,8,2,1.54042,0.48208,1.42502,3.45574,,OK
Sobel,Sequential,2160p,8,3,,,,1905.61,,OK
Sobel,OpenMP,2160p,8,3,,,,337.056,12,OK
Sobel,CUDA,2160p,8,3,1.52026,0.485408,1.44848,3.46112,,OK
Sobel,Sequential,2160p,8,4,,,,1906.38,,OK
Sobel,OpenMP,2160p,8,4,,,,339.378,12,OK
Sobel,CUDA,2160p,8,4,1.51005,0.485856,1.35056,3.35472,,OK
Unsharp,Sequential,2160p,8,0,,,,11261.4,,OK
Unsharp,OpenMP,2160p,8,0,,,,1885.7,12,OK
Unsharp,CUDA,2160p,8,0,4.45923,3.22749,3.89264,11.587,,OK
Unsharp,Sequential,2160p,8,1,,,,11283.8,,OK
Unsharp,OpenMP,2160p,8,1,,,,1892.54,12,OK
Unsharp,CUDA,2160p,8,1,4.56864,3.2287,3.75946,11.5646,,OK
Unsharp,Sequential,2160p,8,2,,,,11294.4,,OK
Unsharp,OpenMP,2160p,8,2,,,,1887.27,12,OK
Unsharp,CUDA,2160p,8,2,4.74528,3.22445,4.06742,12.0458,,OK
Unsharp,Sequential,2160p,8,3,,,,11293.9,,OK
Unsharp,OpenMP,2160p,8,3,,,,1880.89,12,OK
Unsharp,CUDA,2160p,8,3,5.8513,3.23322,4.42579,13.5182,,OK
Unsharp,Sequential,2160p,8,4,,,,11285.2,,OK
Unsharp,OpenMP,2160p,8,4,,,,1879.99,12,OK
Unsharp,CUDA,2160p,8,4,4.04838,3.23069,3.80384,11.0896,,OK
HistEqual,Sequential,2160p,8,0,,,,331.513,,OK
HistEqual,OpenMP,2160p,8,0,,,,74.3989,12,OK
HistEqual,CUDA,2160p,8,0,1.67808,1.4537,1.67232,4.8135,,OK
HistEqual,Sequential,2160p,8,1,,,,319.047,,OK
HistEqual,OpenMP,2160p,8,1,,,,76.7222,12,OK
HistEqual,CUDA,2160p,8,1,1.52611,0.922592,1.41667,3.87379,,OK
HistEqual,Sequential,2160p,8,2,,,,323.559,,OK
HistEqual,OpenMP,2160p,8,2,,,,73.5619,12,OK
HistEqual,CUDA,2160p,8,2,1.51024,0.929312,1.38205,3.83018,,OK
HistEqual,Sequential,2160p,8,3,,,,323.367,,OK
HistEqual,OpenMP,2160p,8,3,,,,73.8278,12,OK
HistEqual,CUDA,2160p,8,3,1.58294,1.03366,1.57536,4.19942,,OK
HistEqual,Sequential,2160p,8,4,,,,320.498,,OK
HistEqual,OpenMP,2160p,8,4,,,,73.5157,12,OK
HistEqual,CUDA,2160p,8,4,1.5344,0.927712,1.39987,3.8695,,OK
Invert,Sequential,2160p,9,0,,,,358.99,,OK
Invert,OpenMP,2160p,9,0,,,,85.9903,12,OK
Invert,CUDA,2160p,9,0,4.09206,1.32362,4.09786,9.52512,,OK
Invert,Sequential,2160p,9,1,,,,372.936,,OK
Invert,OpenMP,2160p,9,1,,,,88.0443,12,OK
Invert,CUDA,2160p,9,1,4.32352,0.802432,3.88531,9.01936,,OK
Invert,Sequential,2160p,9,2,,,,379.771,,OK
Invert,OpenMP,2160p,9,2,,,,83.2339,12,OK
Invert,CUDA,2160p,9,2,4.70262,1.28861,4.66304,10.6625,,OK
Invert,Sequential,2160p,9,3,,,,376.457,,OK
Invert,OpenMP,2160p,9,3,,,,83.9463,12,OK
Invert,CUDA,2160p,9,3,4.58762,0.890688,4.15152,9.63779,,OK
Invert,Sequential,2160p,9,4,,,,375.244,,OK
Invert,OpenMP,2160p,9,4,,,,82.6621,12,OK
Invert,CUDA,2160p,9,4,4.45075,1.6511,3.9207,10.0308,,OK
Gauss,Sequential,2160p,9,0,,,,9943.98,,OK
Gauss,OpenMP,2160p,9,0,,,,1658.83,12,OK
Gauss,CUDA,2160p,9,0,3.95936,3.77306,4.22416,11.9629,,OK
Gauss,Sequential,2160p,9,1,,,,9942,,OK
Gauss,OpenMP,2160p,9,1,,,,1658.86,12,OK
Gauss,CUDA,2160p,9,1,4.59638,2.52685,4.11658,11.2476,,OK
Gauss,Sequential,2160p,9,2,,,,9936.93,,OK
Gauss,OpenMP,2160p,9,2,,,,1666.51,12,OK
Gauss,CUDA,2160p,9,2,4.79027,2.51856,4.14326,11.46,,OK
Gauss,Sequential,2160p,9,3,,,,9927.56,,OK
Gauss,OpenMP,2160p,9,3,,,,1660.16,12,OK
Gauss,CUDA,2160p,9,3,4.37376,2.52486,4.08227,10.9888,,OK
Gauss,Sequential,2160p,9,4,,,,9934.77,,OK
Gauss,OpenMP,2160p,9,4,,,,1657.26,12,OK
Gauss,CUDA,2160p,9,4,4.42714,2.66301,4.4695,11.5674,,OK
Sobel,Sequential,2160p,9,0,,,,1922.07,,OK
Sobel,OpenMP,2160p,9,0,,,,333.152,12,OK
Sobel,CUDA,2160p,9,0,1.54403,0.487232,1.45094,3.49034,,OK
Sobel,Sequential,2160p,9,1,,,,1911.23,,OK
Sobel,OpenMP,2160p,9,1,,,,330.792,12,OK
Sobel,CUDA,2160p,9,1,1.57498,0.491168,1.43926,3.51357,,OK
Sobel,Sequential,2160p,9,2,,,,1908,,OK
Sobel,OpenMP,2160p,9,2,,,,328.02,12,OK
Sobel,CUDA,2160p,9,2,1.52931,0.483616,1.38682,3.40778,,OK
Sobel,Sequential,2160p,9,3,,,,1906.48,,OK
Sobel,OpenMP,2160p,9,3,,,,331.837,12,OK
Sobel,CUDA,2160p,9,3,1.5855,0.494464,1.40157,3.48854,,OK
Sobel,Sequential,2160p,9,4,,,,1917.14,,OK
Sobel,OpenMP,2160p,9,4,,,,331.538,12,OK
Sobel,CUDA,2160p,9,4,1.52528,0.48144,1.35763,3.37142,,OK
Unsharp,Sequential,2160p,9,0,,,,11260.9,,OK
Unsharp,OpenMP,2160p,9,0,,,,1876.03,12,OK
Unsharp,CUDA,2160p,9,0,4.72074,3.99078,4.00723,12.727,,OK
Unsharp,Sequential,2160p,9,1,,,,11303.2,,OK
Unsharp,OpenMP,2160p,9,1,,,,1882.13,12,OK
Unsharp,CUDA,2160p,9,1,4.65568,3.24579,3.7713,11.6813,,OK
Unsharp,Sequential,2160p,9,2,,,,11264.3,,OK
Unsharp,OpenMP,2160p,9,2,,,,1873.49,12,OK
Unsharp,CUDA,2160p,9,2,5.03062,4.3985,4.04995,13.4867,,OK
Unsharp,Sequential,2160p,9,3,,,,11281.2,,OK
Unsharp,OpenMP,2160p,9,3,,,,1893.51,12,OK
Unsharp,CUDA,2160p,9,3,4.39296,3.23498,3.86214,11.498,,OK
Unsharp,Sequential,2160p,9,4,,,,11258.3,,OK
Unsharp,OpenMP,2160p,9,4,,,,1885.46,12,OK
Unsharp,CUDA,2160p,9,4,4.61936,3.25232,3.90925,11.7889,,OK
HistEqual,Sequential,2160p,9,0,,,,334.178,,OK
HistEqual,OpenMP,2160p,9,0,,,,75.0794,12,OK
HistEqual,CUDA,2160p,9,0,1.50915,0.936576,1.37306,3.82611,,OK
HistEqual,Sequential,2160p,9,1,,,,316.253,,OK
HistEqual,OpenMP,2160p,9,1,,,,74.4621,12,OK
HistEqual,CUDA,2160p,9,1,1.53734,0.950656,1.43808,3.93325,,OK
HistEqual,Sequential,2160p,9,2,,,,319.693,,OK
HistEqual,OpenMP,2160p,9,2,,,,77.1806,12,OK
HistEqual,CUDA,2160p,9,2,1.55027,0.958944,1.33501,3.85174,,OK
HistEqual,Sequential,2160p,9,3,,,,321.765,,OK
HistEqual,OpenMP,2160p,9,3,,,,76.0079,12,OK
HistEqual,CUDA,2160p,9,3,1.50906,0.926656,1.33187,3.77571,,OK
HistEqual,Sequential,2160p,9,4,,,,320.113,,OK
HistEqual,OpenMP,2160p,9,4,,,,77.518,12,OK
HistEqual,CUDA,2160p,9,4,1.52051,0.927232,1.38544,3.84048,,OK
